"member_casual","started_at_wday","started_at_hour","mean_ride_duration_mins","median_ride_duration_mins","total_ride_durations_mins","na.rm","mean_ride_distance_m","median_ride_distance_m","total_ride_distance_m","total_rides"
"casual","Friday",0,34.1246494549627,9.817,178437.792,TRUE,1901.0058431071,1460.78,9887131.39,5229
"casual","Friday",1,38.9539964504679,10.517,120718.435,TRUE,1946.6696461039,1458.06,5995742.51,3099
"casual","Friday",2,44.6614190260476,10.7335,78872.0660000001,TRUE,2128.22794067313,1556.43,3730783.58,1766
"casual","Friday",3,36.7185018214937,10.8,40316.915,TRUE,2119.96746788991,1606.805,2310764.54,1098
"casual","Friday",4,29.4217888888889,9.8335,23831.649,TRUE,2178.41043532338,1600.395,1751441.99,810
"casual","Friday",5,29.3125191514437,8.333,49743.345,TRUE,2086.79869308102,1596.32,3528776.59,1697
"casual","Friday",6,23.9159242058332,9.917,128739.42,TRUE,2225.85487818486,1704.84,11968421.68,5383
"casual","Friday",7,19.0184109713397,9.3,146650.966999999,TRUE,2178.88894702675,1660.77,16781802.67,7711
"casual","Friday",8,20.4839037731872,9.425,194351.279,TRUE,2116.84664695946,1584.51,20050771.44,9488
"casual","Friday",9,28.0224014889944,11.017,259711.617,TRUE,2092.17034273976,1541.86,19350483.5,9268
"casual","Friday",10,30.4536550696696,13.45,347506.657999999,TRUE,2207.76746247696,1565.41,25153094.7,11411
"casual","Friday",11,30.0313645536012,14.283,452422.507,TRUE,2260.09743535199,1592.14,33998645.7200001,15065
"casual","Friday",12,30.9258844444444,14,584499.215999997,TRUE,2164.10667868696,1604.48,40808559.6400001,18900
"casual","Friday",13,27.2887406151852,14.133,547384.847999998,TRUE,2143.82814844413,1609.59,42921583.3599998,20059
"casual","Friday",14,32.275086127943,14.367,697755.087,TRUE,2175.10428889404,1622.67,46906123.9899998,21619
"casual","Friday",15,28.7516945133168,13.5585,718964.872999999,TRUE,2194.94438670356,1666.01,54739718.06,25006
"casual","Friday",16,31.6947520043142,13.117,881589.527000005,TRUE,2265.77935460609,1721.42,62841390.4000003,27815
"casual","Friday",17,24.9796330107842,12.9,766699.875999997,TRUE,2257.23905898097,1758.03,69155033.0499998,30693
"casual","Friday",18,28.2466557469642,12.667,800171.264000001,TRUE,2180.54340870488,1750.585,61622156.7300003,28328
"casual","Friday",19,31.5506469617818,12.333,688498.218000006,TRUE,2071.75885866569,1657.695,45089759.8000001,21822
"casual","Friday",20,28.6650510810469,11.983,453423.778000001,TRUE,1954.52045062746,1550.28,30838423.67,15818
"casual","Friday",21,30.671739661017,11.933,407167.344,TRUE,1969.90043379686,1561.75,26065722.5400001,13275
"casual","Friday",22,30.5995887625711,12.133,419887.557000001,TRUE,2112.64167385425,1652.42,28903050.7400001,13722
"casual","Friday",23,26.8247584559673,11.533,348158.539999999,TRUE,2121.64163279499,1666.94,27456164.37,12979
"casual","Monday",0,33.1970416874688,12.1,132987.349,TRUE,1887.80914264227,1454.64,7530470.67000001,4006
"casual","Monday",1,45.4192970615243,12.4585,98923.229,TRUE,1922.40020842983,1422.62,4150462.05,2178
"casual","Monday",2,67.4628192771084,12.0585,100789.452,TRUE,1978.67620853081,1393.35,2922504.75999999,1494
"casual","Monday",3,57.6425859813084,10.7915,61677.5669999999,TRUE,2129.25383962264,1589.895,2257009.07,1070
"casual","Monday",4,28.5507223382046,9.4085,27351.592,TRUE,2349.12250790306,1821.18,2229317.26,958
"casual","Monday",5,16.8905092869982,8.183,28190.26,TRUE,2137.59715486195,1609.21,3561236.86,1669
"casual","Monday",6,18.2648816366293,7.883,74995.6040000001,TRUE,2037.0544363104,1568.775,8347849.08000001,4106
"casual","Monday",7,19.1643932857143,8.617,134150.753,TRUE,2013.00310265942,1559.41,14078943.7,7000
"casual","Monday",8,18.7555358878092,9.367,169850.133,TRUE,2040.83874419633,1536.06,18461427.28,9056
"casual","Monday",9,25.4943863741875,11.867,219659.632999999,TRUE,2109.12166395349,1472.595,18138446.31,8616
"casual","Monday",10,35.3953319606926,14.383,378199.122,TRUE,2127.06567661411,1517.4,22666011.8500001,10685
"casual","Monday",11,32.2755846612821,15.45,443563.360000001,TRUE,2173.67155265461,1559.105,29805384.33,13743
"casual","Monday",12,35.2897966864757,15.45,587892.722999999,TRUE,2123.40284124406,1544.21,35297325.43,16659
"casual","Monday",13,33.3789463573139,15.567,585533.477000001,TRUE,2149.17110914286,1583.89,37610494.4100003,17542
"casual","Monday",14,34.0474722266265,15.083,644212.221999996,TRUE,2129.64166278084,1600.98,40190597.4599999,18921
"casual","Monday",15,32.4001076701821,14.733,675866.246000002,TRUE,2183.87798750601,1611.905,45446500.9199997,20860
"casual","Monday",16,28.5578493323051,13.383,703579.733999996,TRUE,2153.21469643366,1624.42,52949702.6000003,24637
"casual","Monday",17,26.747839799002,13.017,761190.024999992,TRUE,2181.73481017116,1660.83,61948178.2000002,28458
"casual","Monday",18,33.5988433170417,12.767,831806.56399999,TRUE,2066.67830248289,1623.11,51024220.6100001,24757
"casual","Monday",19,27.5494805561591,12.417,507241.035999998,TRUE,1952.665537298,1561.4,35888039.91,18412
"casual","Monday",20,28.3043405502932,12.233,376504.337999999,TRUE,1947.67807851707,1544.86,25847635.7800001,13302
"casual","Monday",21,26.764807648832,11.6,284135.197999998,TRUE,1998.71493009635,1610.26,21158396.25,10616
"casual","Monday",22,28.5776782988004,10.883,235851.579,TRUE,2021.95482431611,1584.74,16630578.4299999,8253
"casual","Monday",23,25.4873254426482,11.167,132432.143,TRUE,2056.78919513607,1577.65,10656224.82,5196
"casual","Saturday",0,28.146800053749,10.833,314202.729,TRUE,2006.1395693995,1593.955,22316296.5699999,11163
"casual","Saturday",1,46.3539941190038,10.867,401981.836999999,TRUE,2104.16752286144,1646.65,18177903.2299999,8672
"casual","Saturday",2,39.9447001226491,10.875,195409.473,TRUE,2161.75811254878,1650.76,10525600.25,4892
"casual","Saturday",3,36.4638902487169,11.183,92363.0340000001,TRUE,2206.74528384279,1748.63,5558791.37,2533
"casual","Saturday",4,67.8818671096346,10.55,81729.768,TRUE,2284.96000840336,1721.33,2719102.41,1204
"casual","Saturday",5,78.1066272098386,10.1,101616.722,TRUE,2112.95,1654.61,2721479.6,1301
"casual","Saturday",6,35.4347495840266,10.05,85185.138,TRUE,2118.46047221061,1644.07,5069475.91,2404
"casual","Saturday",7,33.8480837427423,11.05,151571.719,TRUE,2175.64214605735,1671.31,9712066.53999997,4478
"casual","Saturday",8,22.8558878378378,11.95,202960.284,TRUE,2260.43241799121,1693.42,20052295.9799999,8880
"casual","Saturday",9,27.7258222265778,13.333,424371.434999999,TRUE,2324.54197774869,1735.965,35519001.4200002,15306
"casual","Saturday",10,33.2767068127054,15.333,759540.832999999,TRUE,2403.71529052927,1814.6,54771056.6100002,22825
"casual","Saturday",11,32.6287798229732,16.833,973185.987000003,TRUE,2529.81270407307,1915.39,75340352.1400001,29826
"casual","Saturday",12,32.6201437839112,17.367,1106214.316,TRUE,2518.20186041704,1911.72,85261278.5900002,33912
"casual","Saturday",13,33.5550442457847,17.9415,1186103.70400001,TRUE,2481.1792026418,1896.02,87533521.0899994,35348
"casual","Saturday",14,35.4602926066682,17.85,1315612.31600001,TRUE,2464.97726420953,1877.82,91290432.9799998,37101
"casual","Saturday",15,36.0156015153858,17.333,1397477.37,TRUE,2417.19035402346,1849.075,93540432.3200004,38802
"casual","Saturday",16,31.3641159272297,16.783,1167152.846,TRUE,2370.39770755886,1824.24,87993903.6999999,37213
"casual","Saturday",17,32.2185624580549,15.767,1104162.354,TRUE,2293.53627051218,1788.96,78409124.4799999,34271
"casual","Saturday",18,30.0229757690823,14.717,932993.995000002,TRUE,2203.51563808848,1734.34,68289153.14,31076
"casual","Saturday",19,36.2735100142189,14,892872.448999997,TRUE,2049.48519590655,1617.17,50267723.4,24615
"casual","Saturday",20,39.382577071448,13.333,724836.331000002,TRUE,1932.02392942845,1524.87,35425590.77,18405
"casual","Saturday",21,38.7312309360529,13.583,660793.531000004,TRUE,2043.38739759887,1581.015,34721238.6600001,17061
"casual","Saturday",22,28.982977481854,13.083,507115.157000001,TRUE,2090.83282781951,1643.64,36466215.3500002,17497
"casual","Saturday",23,40.4992379483457,12.833,669573.901,TRUE,2174.86195471377,1713.62,35826500.98,16533
"casual","Sunday",0,37.5916940642509,12,530080.478000002,TRUE,2110.078501246,1674.42,29636052.5500001,14101
"casual","Sunday",1,37.0918432185374,11.583,348960.061,TRUE,2123.95645984622,1687.315,19888728.29,9408
"casual","Sunday",2,39.5028861596599,11.633,250882.83,TRUE,2183.07170175716,1686.77,13790463.94,6351
"casual","Sunday",3,48.7247753537736,11.167,165274.438,TRUE,2219.806485281,1711.15,7465209.21,3392
"casual","Sunday",4,32.2928521237546,10.667,61582.4689999999,TRUE,2426.53801901743,1848.13,4593436.47,1907
"casual","Sunday",5,46.127570768342,10.95,79846.8249999999,TRUE,2359.3692575406,1798.39,4067552.6,1731
"casual","Sunday",6,67.6578482320222,10.717,170294.804,TRUE,2167.40283546326,1624.79,5427176.70000001,2517
"casual","Sunday",7,35.620505260521,12.583,142197.057,TRUE,2276.91121417798,1691.81,9057552.80999998,3992
"casual","Sunday",8,33.1403423264042,13.117,224790.941999999,TRUE,2221.26990701107,1637.45,15049103.62,6783
"casual","Sunday",9,28.1225554231228,14.15,353922.359999999,TRUE,2328.89143800207,1734.3,29281152.05,12585
"casual","Sunday",10,32.2890549389002,15.4,634157.039,TRUE,2375.50730706411,1775.9,46540939.16,19640
"casual","Sunday",11,36.4061245192491,16.2,956061.235999995,TRUE,2407.19493837054,1841.07,63080543.36,26261
"casual","Sunday",12,34.3757773714134,17.2,1033920.256,TRUE,2443.04007232851,1861.415,73296088.2500006,30077
"casual","Sunday",13,36.4658966892065,17.683,1143278.793,TRUE,2361.03459590793,1804.465,73853162.1600011,31352
"casual","Sunday",14,34.5159629180069,17.733,1137439.04199999,TRUE,2354.36321414455,1791.06,77432651.7499993,32954
"casual","Sunday",15,37.2423595759014,17.267,1271565.88300001,TRUE,2323.6815941731,1795.74,79119034.599999,34143
"casual","Sunday",16,34.9226652757896,16.567,1146615.86900001,TRUE,2275.22947614393,1735.83,74486462.5899994,32833
"casual","Sunday",17,30.7163349025581,15.683,887364.198999995,TRUE,2188.32539005862,1684.47,63087232.6700003,28889
"casual","Sunday",18,35.4043433970186,14.733,843154.437999999,TRUE,2088.66392995454,1627.065,49618300.3200003,23815
"casual","Sunday",19,38.4909914978193,13.95,697187.328999998,TRUE,1946.20901534031,1495.03,35142696.1899998,18113
"casual","Sunday",20,30.3100300236226,13.317,397758.524000002,TRUE,1942.11074235474,1498.065,25402808.51,13123
"casual","Sunday",21,33.6364980967917,12.683,371145.12,TRUE,1945.96120429325,1531.93,21393897.48,11034
"casual","Sunday",22,30.4725731399748,12.2585,289977.006,TRUE,2048.31202869501,1582.06,19415949.7199999,9516
"casual","Sunday",23,45.0182077402847,12.65,281498.853,TRUE,2075.51257717042,1575.54,12909688.23,6253
"casual","Thursday",0,25.2805491120977,9.9915,91111.099,TRUE,1972.5363752784,1507.145,7085350.66000001,3604
"casual","Thursday",1,33.8534127659575,10.2,63644.4159999999,TRUE,2077.38436295503,1472.19,3880553.99,1880
"casual","Thursday",2,32.2622694717995,9.6,36036.955,TRUE,2005.72990990991,1420.355,2226360.2,1117
"casual","Thursday",3,59.5487625,10.1665,47639.01,TRUE,2291.97178616352,1767.39,1822117.57,800
"casual","Thursday",4,21.3895927536232,8.7915,14758.819,TRUE,2307.60460641399,1696.235,1583016.76,690
"casual","Thursday",5,14.4969248329621,7.917,26036.477,TRUE,2014.22452872281,1546.13,3611504.57999999,1796
"casual","Thursday",6,17.6249174115818,7.917,90697.8250000001,TRUE,2034.44811989101,1573.56,10452994.44,5146
"casual","Thursday",7,16.1651144628099,8.417,156478.308,TRUE,2065.67966490847,1580.91,19973056.6800001,9680
"casual","Thursday",8,17.1175928751116,8.95,210940.097000001,TRUE,2047.66593158365,1517.76,25200624.62,12323
"casual","Thursday",9,27.9652921577516,9.867,246765.738,TRUE,2033.94467415985,1468.88,17914984.69,8824
"casual","Thursday",10,31.2345444513846,12.067,300039.033999998,TRUE,2108.90595096505,1508.72,20213863.54,9606
"casual","Thursday",11,31.1098159415637,12.967,387566.086999999,TRUE,2108.82411968149,1520.06,26219010.2800001,12458
"casual","Thursday",12,29.5585188778878,12.4585,447811.561,TRUE,2063.75122916115,1519.43,31195663.5800001,15150
"casual","Thursday",13,31.024815601023,13.133,485228.116,TRUE,2076.15599974374,1536.94,32406719,15640
"casual","Thursday",14,28.8840857546171,13.717,491087.225999997,TRUE,2116.3105838685,1581.02,35920139.5400001,17002
"casual","Thursday",15,31.448553569675,12.833,640481.242000003,TRUE,2142.60112658726,1602.1,43533369.6899999,20366
"casual","Thursday",16,26.8639906477312,12.283,698007.068999998,TRUE,2211.32755803193,1662.605,57348568.8899999,25983
"casual","Thursday",17,25.552911626515,12.667,853850.542000002,TRUE,2289.44107575576,1795.74,76339123.23,33415
"casual","Thursday",18,24.3197708982432,12.6,733727.487999998,TRUE,2225.79464341472,1814.51,67007547.7400004,30170
"casual","Thursday",19,25.1878109553339,12.283,560529.545000001,TRUE,2097.18417424993,1694,46553294.3,22254
"casual","Thursday",20,25.1225060598715,11.867,414571.595000001,TRUE,2026.69161686103,1651.67,33367450.7800002,16502
"casual","Thursday",21,23.3035789135556,11.3,326459.837000001,TRUE,2104.00031971962,1695.55,29416028.4699999,14009
"casual","Thursday",22,23.9530805547136,10.967,316084.850999999,TRUE,2159.69283565079,1739.8,28423717.41,13196
"casual","Thursday",23,28.4081625531915,10.483,233657.136999999,TRUE,2065.55294196537,1630.44,16941665.2300001,8225
"casual","Tuesday",0,40.6551740991795,10.467,113956.453,TRUE,1890.20830879713,1432.49,5264230.14,2803
"casual","Tuesday",1,34.5917120596206,11.45,51057.3670000001,TRUE,1925.63880952381,1411.03,2830689.05,1476
"casual","Tuesday",2,34.1915388711395,10.7,32105.855,TRUE,2214.41349036403,1635.895,2068262.2,939
"casual","Tuesday",3,31.3732027863777,9.925,20267.089,TRUE,2214.19788401254,1591.08,1412658.25,646
"casual","Tuesday",4,42.8509053497943,8.733,31238.31,TRUE,2266.64251719395,1647.2,1647849.11,729
"casual","Tuesday",5,16.9725364693446,7.475,32112.039,TRUE,1980.32859565448,1531.71,3736880.06000001,1892
"casual","Tuesday",6,13.928090750774,7.8,71980.373,TRUE,1987.06924656208,1555.52,10259238.52,5168
"casual","Tuesday",7,13.5983531923758,8.2,130557.789000001,TRUE,1966.76036805338,1517.5,18863198.6899999,9601
"casual","Tuesday",8,20.0276686618213,8.917,234223.585,TRUE,1955.80662100848,1474.46,22845777.14,11695
"casual","Tuesday",9,22.7286634638197,9.783,191602.633,TRUE,1948.55202757309,1435.38,16395116.76,8430
"casual","Tuesday",10,36.05332203966,12.217,318170.567000001,TRUE,2106.79603183627,1472.53,18529271.1,8825
"casual","Tuesday",11,30.1276660989602,13.2,336104.243,TRUE,2057.85759518678,1482.28,22916302.18,11156
"casual","Tuesday",12,30.6077929971372,12.733,416969.964,TRUE,1970.97089155562,1463.13,26771697.6200001,13623
"casual","Tuesday",13,29.508471835932,12.9915,420141.621999999,TRUE,2061.18797242156,1521.645,29297725.8400001,14238
"casual","Tuesday",14,28.0719225304919,13.2415,418889.227999999,TRUE,2090.99809357589,1532.97,31149598.6000001,14922
"casual","Tuesday",15,26.1792696779218,12.417,470624.730999997,TRUE,2110.33806376101,1573.205,37863685.5400002,17977
"casual","Tuesday",16,26.5929645839576,12.1,620972.315999999,TRUE,2226.35944082053,1656.35,51878627.69,23351
"casual","Tuesday",17,23.1400321684408,12.2,691285.320999998,TRUE,2224.1655453875,1743.53,66351306.5499995,29874
"casual","Tuesday",18,25.0161177821906,12.1,642488.952999996,TRUE,2172.30473297939,1726.125,55645758.0400001,25683
"casual","Tuesday",19,27.8997826947106,11.95,535899.025999999,TRUE,2051.19591013464,1654.62,39305016.0299998,19208
"casual","Tuesday",20,29.2329262949667,11.583,399000.210999998,TRUE,2008.09822184652,1613.22,27318168.21,13649
"casual","Tuesday",21,27.271024929324,11,318334.674000002,TRUE,2074.74125687758,1706.785,24133390.3000001,11673
"casual","Tuesday",22,29.7295577706796,10.833,269914.655,TRUE,2163.28116548829,1712.64,19582021.11,9079
"casual","Tuesday",23,32.4758227178226,9.983,171829.578000001,TRUE,2008.03516691957,1534.48,10586361.4,5291
"casual","Wednesday",0,29.5693691440648,10.367,83947.439,TRUE,1934.97236479321,1480.76,5474036.82,2839
"casual","Wednesday",1,43.128735086594,10.533,67237.698,TRUE,1889.42700451904,1345.01,2926722.43,1559
"casual","Wednesday",2,81.9372429696288,10.783,72842.209,TRUE,2075.48142369021,1517.5,1822272.69,889
"casual","Wednesday",3,82.0343782467532,10.0085,50533.1769999999,TRUE,2140.98391162029,1539.67,1308141.17,616
"casual","Wednesday",4,67.7966308823529,9.483,46101.709,TRUE,2305.95617210682,1667.96,1554214.46,680
"casual","Wednesday",5,14.9676305797845,7.617,29171.9120000001,TRUE,1982.87294087404,1581.52,3856687.87000001,1949
"casual","Wednesday",6,17.0378265490275,8,84967.641,TRUE,1979.82633079085,1540.87,9863494.78000001,4987
"casual","Wednesday",7,19.2282611140584,8.383,181226.361,TRUE,1996.87669748167,1543.53,18792606.6,9425
"casual","Wednesday",8,16.4454805621004,8.567,195438.091,TRUE,1963.64241451912,1475.5,23316290.0300001,11884
"casual","Wednesday",9,21.8279871332371,9.7415,181521.541,TRUE,1938.96186995786,1438.09,16103078.3300001,8316
"casual","Wednesday",10,31.5151325874792,11.3,264790.144,TRUE,2064.27344066786,1495.46,17308932.8,8402
"casual","Wednesday",11,37.2367809680066,12.133,408524.724,TRUE,2001.80854191425,1466.86,21897783.64,10971
"casual","Wednesday",12,27.1392211442211,11.867,352457.064999998,TRUE,1971.14091940713,1451.195,25534159.4700001,12987
"casual","Wednesday",13,29.5506098169717,12.475,390718.163000001,TRUE,2033.84128640777,1528.31,26814163.5200001,13222
"casual","Wednesday",14,27.275085747314,12.733,401107.411,TRUE,2106.65026166951,1564.76,30915092.59,14706
"casual","Wednesday",15,29.9790744457674,12.433,528740.936,TRUE,2106.37847395034,1579.18,37074367.52,17637
"casual","Wednesday",16,22.287966627781,11.8,534955.774999999,TRUE,2992.20310590885,1652.295,71705155.2299992,24002
"casual","Wednesday",17,23.4845914183856,12.383,737791.924,TRUE,2266.38760242308,1786.4,71085247.1499994,31416
"casual","Wednesday",18,22.9556108789651,12.367,631761.366999995,TRUE,2178.67066453046,1761.08,59832832.46,27521
"casual","Wednesday",19,25.3342929862617,12.167,525559.908000001,TRUE,2081.20346620283,1687.87,43074668.14,20745
"casual","Wednesday",20,26.0225261837365,12.2,404494.146999997,TRUE,2064.0839615707,1667.97,32011878.1600002,15544
"casual","Wednesday",21,23.8787539010253,11.167,321360.270000001,TRUE,2117.1955283342,1724.44,28431818.75,13458
"casual","Wednesday",22,21.7385454288939,10.617,231124.214999999,TRUE,2120.86900555608,1702.45,22521507.97,10632
"casual","Wednesday",23,29.0618385416667,10.083,184135.808999999,TRUE,2075.8928981144,1624.33,13100960.08,6336
"member","Friday",0,11.1428493091537,7.8915,51613.678,TRUE,1989.57162132988,1478.86,9215695.74999999,4632
"member","Friday",1,13.7470770114943,7.867,35879.871,TRUE,1969.03088224012,1427.63,5133263.50999999,2610
"member","Friday",2,15.210745716244,7.35,22192.478,TRUE,1885.43358762887,1410.14,2743305.87,1459
"member","Friday",3,13.8398882803943,7.75,12635.818,TRUE,2049.26220394737,1440.62,1868927.13,913
"member","Friday",4,11.674049770291,7.5665,15246.309,TRUE,2396.72222052067,1517.235,3130119.22,1306
"member","Friday",5,10.4084226387358,7.0915,56642.636,TRUE,2130.047600147,1508.085,11591719.0400001,5442
"member","Friday",6,11.3191662329419,8.017,178333.463999999,TRUE,2184.33533422205,1618.9,34409834.5199999,15755
"member","Friday",7,11.5883169835377,8.483,309025.649,TRUE,2232.5468574429,1626.54,59526396.8600003,26667
"member","Friday",8,11.1810073490112,8.167,334714.636,TRUE,2101.20280086869,1514.37,62888999.8300006,29936
"member","Friday",9,10.9575972684551,7.65,223841.797,TRUE,1932.64147032902,1374.66,39472269.3899998,20428
"member","Friday",10,11.7436147409255,7.667,211913.528,TRUE,1893.40397062084,1334.56,34157007.6299997,18045
"member","Friday",11,12.2906563223508,7.85,276048.141,TRUE,1854.04390247161,1322.94,41632555.83,22460
"member","Friday",12,11.6477712734742,7.833,317564.836000001,TRUE,1824.61263408907,1311.725,49735291.1799997,27264
"member","Friday",13,11.954628742515,7.983,335399.064,TRUE,1869.21015900178,1335.69,52431344.9599999,28056
"member","Friday",14,12.0434538365564,8.2,347501.817000002,TRUE,1948.0935580823,1379.49,56196654.8700002,28854
"member","Friday",15,12.3323641281846,8.633,446789.22,TRUE,2024.97014769621,1459.73,73350493.6599995,36229
"member","Friday",16,12.7486617813618,8.983,562802.422999998,TRUE,2103.5586580116,1524.55,92842664.9300007,44146
"member","Friday",17,13.3498452273048,9.25,662779.765999998,TRUE,2119.93805448098,1547.77,105216765.519999,49647
"member","Friday",18,13.2221421954608,9.317,542385.495000002,TRUE,2099.68976374497,1538.09,86118775.6599995,41021
"member","Friday",19,13.1567833503575,9.117,386414.726999998,TRUE,2001.84704485848,1496.22,58772227.3900001,29370
"member","Friday",20,13.0215291689461,9.017,261823.887,TRUE,1935.39169892045,1461.89,38903308.5399999,20107
"member","Friday",21,12.3329032299825,9.1,190531.021999999,TRUE,2028.83649210254,1496.355,31341466.13,15449
"member","Friday",22,12.925918587686,9.45,177188.492,TRUE,2177.86280825916,1637.09,29849787.6499998,13708
"member","Friday",23,12.8716698712135,9.033,141923.032,TRUE,2162.74537784632,1632.66,23839942.3000001,11026
"member","Monday",0,14.4960537669028,8.325,45024.743,TRUE,2078.52429400387,1461.85,6447582.35999999,3106
"member","Monday",1,14.695122960373,7.95,25216.8309999999,TRUE,1979.67923525978,1336.4,3391190.53,1716
"member","Monday",2,12.3961598808342,7.967,12482.933,TRUE,1988.41336643496,1386.67,2002332.26,1007
"member","Monday",3,11.4704205479452,7.667,8373.407,TRUE,2095.94419178082,1412.08,1530039.26,730
"member","Monday",4,12.1425834670947,7.875,15129.659,TRUE,2391.89030497592,1560.68,2980295.32,1246
"member","Monday",5,10.2684263986014,6.733,58735.3989999999,TRUE,2110.22365098793,1438.26,12068369.06,5720
"member","Monday",6,10.5380078204286,7.833,176522.169,TRUE,2135.65586482775,1587.24,35770100.0799999,16751
"member","Monday",7,11.2339302949062,8.333,343600.991999999,TRUE,2202.80155456002,1595.69,67363874.3400001,30586
"member","Monday",8,10.9844010658997,8.167,389539.815000003,TRUE,2088.01077638963,1495.18,74038774.1200007,35463
"member","Monday",9,11.2362030571897,7.733,233016.379000001,TRUE,1978.00590459654,1387.51,41009996.4200001,20738
"member","Monday",10,12.0924618342191,7.717,213867.279999999,TRUE,1902.57079624498,1323.61,33643159.3899998,17686
"member","Monday",11,12.4772839213499,7.683,268423.808999998,TRUE,1828.69900506765,1291.66,39333486.9000001,21513
"member","Monday",12,11.6686205825701,7.467,296838.039000002,TRUE,1782.68442089951,1220.115,45344360.93,25439
"member","Monday",13,12.0918013484037,7.733,304894.771,TRUE,1862.48870099984,1289.29,46942165.2199996,25215
"member","Monday",14,12.3510424736001,8.017,316964.802999999,TRUE,1915.3594343962,1354.7,49136630.9299998,25663
"member","Monday",15,12.7743974998461,8.5,414886.882,TRUE,2034.1951889611,1448.91,66044215.2000003,32478
"member","Monday",16,12.903406689257,8.967,616886.066999995,TRUE,2163.4983259064,1560.38,103413056.479999,47808
"member","Monday",17,12.655594519581,9.15,788835.861999994,TRUE,2141.1018948669,1563.51,133435611.190001,62331
"member","Monday",18,12.3268740717629,8.75,592614.470999999,TRUE,2029.57051757853,1490.955,97561454.7799987,48075
"member","Monday",19,12.2976720763433,8.667,404642.601999999,TRUE,1966.35835369931,1434.91,64689257.1199998,32904
"member","Monday",20,11.8899269683095,8.4,264883.793,TRUE,1928.55285162739,1420.58,42958514.7700001,22278
"member","Monday",21,12.0097147796024,8.417,194533.36,TRUE,2022.47484811064,1477.715,32756002.64,16198
"member","Monday",22,12.1851817544562,8.217,121681.225000001,TRUE,2071.57049383953,1510.57,20680488.24,9986
"member","Monday",23,12.284370655679,7.983,68571.3570000002,TRUE,2085.0910880086,1486.27,11632723.18,5582
"member","Saturday",0,12.5445485714286,8.617,111960.096,TRUE,2109.61356654333,1596.39,18815643.4,8925
"member","Saturday",1,14.149524866226,8.433,89906.0810000001,TRUE,2082.3917538607,1606.52,13214858.07,6354
"member","Saturday",2,12.040855080668,8.2,42540.3409999999,TRUE,2024.87839513162,1506.5,7153895.37,3533
"member","Saturday",3,11.5012789421158,8.3915,23048.563,TRUE,2102.00754491018,1558.995,4212423.12,2004
"member","Saturday",4,15.3306191646192,7.783,18718.686,TRUE,2206.72404429861,1405.79,2689996.61,1221
"member","Saturday",5,11.9428736789129,8.517,23730.49,TRUE,2442.45094111726,1634.58,4853150.02000002,1987
"member","Saturday",6,12.2026927547462,8.683,62990.3,TRUE,2352.8684676482,1704.295,12145507.03,5162
"member","Saturday",7,12.2794982963345,8.55,118926.941,TRUE,2230.69636964378,1618.18,21604294.34,9685
"member","Saturday",8,12.2486523219814,8.7,197815.734999998,TRUE,2205.51483403517,1633.555,35614653.5400002,16150
"member","Saturday",9,12.8633882721692,8.75,295484.891999999,TRUE,2165.55222396377,1567.405,49738403.4799997,22971
"member","Saturday",10,13.661414499071,9.217,382355.669,TRUE,2154.83385855193,1595.735,60296561.03,27988
"member","Saturday",11,14.2569512067479,9.667,463122.802999999,TRUE,2177.79355225075,1613.02,70730378.9899998,32484
"member","Saturday",12,14.4837815010261,9.883,494041.786999999,TRUE,2208.51656480939,1619.77,75310414.8600001,34110
"member","Saturday",13,14.1585570539113,10.033,479819.339999999,TRUE,2218.32133203494,1620.7,75174473.2999997,33889
"member","Saturday",14,14.6888827931644,10.267,498540.681999998,TRUE,2238.82528924646,1651.22,75970058.5399991,33940
"member","Saturday",15,14.7829592742771,10.317,499471.845,TRUE,2237.48570071048,1643.37,75582266.9699994,33787
"member","Saturday",16,14.9294206117453,10.283,506152.146999998,TRUE,2205.38843271472,1625.52,74747230.1499998,33903
"member","Saturday",17,14.3709268897529,10.117,469397.585000001,TRUE,2185.50324045439,1609.29,71376350.3300003,32663
"member","Saturday",18,14.4424303730604,9.983,437461.216,TRUE,2134.68346730515,1577.87,64638215.3899996,30290
"member","Saturday",19,14.1826027772105,9.65,347261.029,TRUE,2043.0690659857,1510.66,50004115.3899999,24485
"member","Saturday",20,13.5335562100017,9.433,238962.001999999,TRUE,1990.67338054501,1488.83,35137375.8399997,17657
"member","Saturday",21,13.7049438725329,9.5,209014.098999999,TRUE,2077.42509149341,1560.54,31674500.3699999,15251
"member","Saturday",22,13.6640443233164,9.7,190517.770000001,TRUE,2185.88968646865,1660.09,30466930.45,13943
"member","Saturday",23,14.0631698313096,9.883,172569.157,TRUE,2262.69607142857,1749.785,27749704.6199999,12271
"member","Sunday",0,13.4626018237082,9.067,132875.88,TRUE,2161.65699371579,1675.98,21326907.9,9870
"member","Sunday",1,13.058796345811,8.8,87911.817,TRUE,2096.2522863089,1614.03,14101489.13,6732
"member","Sunday",2,13.2812782426778,8.567,57136.059,TRUE,2123.23594512904,1596.56,9132037.80000003,4302
"member","Sunday",3,14.4973631691649,7.817,33851.343,TRUE,2023.05682110682,1496.22,4715745.44999999,2335
"member","Sunday",4,16.9308545331529,8.9585,25023.803,TRUE,2438.50654002714,1754.77,3594358.64,1478
"member","Sunday",5,12.1362194304858,8.233,21735.969,TRUE,2395.23328308208,1620.05,4289862.81,1791
"member","Sunday",6,13.8758973804374,9,57737.6090000001,TRUE,2420.38507814378,1713,10066381.54,4161
"member","Sunday",7,13.4284896467722,8.767,99223.1099999997,TRUE,2277.99316003249,1609.51,16825257.48,7389
"member","Sunday",8,13.2090092857143,8.25,147940.904,TRUE,2148.52127724187,1510.54,24054844.2200002,11200
"member","Sunday",9,13.10028572237,8.533,231495.149,TRUE,2105.71740050948,1517.56,37197497.8800001,17671
"member","Sunday",10,13.8229773957991,9.05,336948.896999999,TRUE,2124.21801075269,1552.775,51758696.0500001,24376
"member","Sunday",11,13.7989102334538,9.467,408433.944000001,TRUE,2145.68684969926,1579.1,63499456.6299998,29599
"member","Sunday",12,14.2085883762173,9.8,456678.239000003,TRUE,2202.83684528255,1613.63,70790364.8600003,32141
"member","Sunday",13,14.4233919386973,10.05,470563.162,TRUE,2203.35395272549,1619.8,71868999.2299998,32625
"member","Sunday",14,14.8013808902557,10.233,476500.854999996,TRUE,2226.44013887594,1638.8,71662428.7499994,32193
"member","Sunday",15,14.4829551085891,10.283,487481.786000001,TRUE,2212.81249309208,1642.51,74476630.0800006,33659
"member","Sunday",16,14.6212734497291,9.933,485718.704,TRUE,2151.32414277972,1587.63,71449777.4299995,33220
"member","Sunday",17,14.103223100711,9.85,442375.799000001,TRUE,2099.10324533716,1538.91,65838373.2900003,31367
"member","Sunday",18,13.8451492381774,9.333,385282.813000004,TRUE,2037.6882785265,1488.95,56698676.3500001,27828
"member","Sunday",19,13.3024799849298,9.117,282464.859999999,TRUE,1935.48614000377,1404.78,41086499.7799996,21234
"member","Sunday",20,12.7312672953943,8.783,197092.749,TRUE,1917.83264521548,1390.97,29682295.8499999,15481
"member","Sunday",21,12.7957385922931,8.517,155071.556000001,TRUE,2016.86721974575,1461.54,24432329.4999999,12119
"member","Sunday",22,12.2667880315651,8.7585,111922.174,TRUE,2142.0985354089,1560.12,19540222.8400001,9124
"member","Sunday",23,13.0853598691385,8.6,71995.6500000003,TRUE,2123.78030534351,1580.225,11685039.24,5502
"member","Thursday",0,13.2997369754999,7.717,47227.366,TRUE,1976.20416972089,1436.49,7009596.19,3551
"member","Thursday",1,12.5727545344619,7.617,20795.336,TRUE,1934.28636418633,1350.9,3197375.36000001,1654
"member","Thursday",2,11.8411825902335,8.0585,11154.394,TRUE,2017.81210191083,1485.975,1900779,942
"member","Thursday",3,12.1105154320988,7.1665,7847.614,TRUE,1880.58175925926,1361.955,1218616.98,648
"member","Thursday",4,10.9311880269815,6.8585,12964.389,TRUE,2249.91256323777,1411.72,2668396.3,1186
"member","Thursday",5,10.0418516700966,6.9,63434.3769999999,TRUE,2119.30742757638,1516.24,13387665.02,6317
"member","Thursday",6,10.4663455429665,7.683,202303.993,TRUE,2147.45802338818,1596.32,41501773.7599995,19329
"member","Thursday",7,11.5219099299893,8.517,439411.078999997,TRUE,2261.56719471255,1644.045,86229033.9999998,38137
"member","Thursday",8,11.1142666253706,8.333,502387.079999998,TRUE,2112.46798367112,1517.425,95475102.9899988,45202
"member","Thursday",9,10.8653630274615,7.75,275773.778999999,TRUE,1972.7907987233,1383.695,50065484.8899999,25381
"member","Thursday",10,11.4938941908714,7.617,221602.280000001,TRUE,1876.6410770428,1320.37,36172256.7600001,19280
"member","Thursday",11,11.8691343720868,7.65,267375.990000001,TRUE,1838.36908453205,1301.535,41407425.2599998,22527
"member","Thursday",12,11.0026277541128,7.283,299623.559000002,TRUE,1742.15855075658,1211.81,47435493.0199998,27232
"member","Thursday",13,11.2753920998239,7.667,294580.894,TRUE,1843.76517379986,1270.26,48162833.8699995,26126
"member","Thursday",14,11.6592039727361,7.933,299350.061999999,TRUE,1944.04334463013,1349.32,49905536.6999997,25675
"member","Thursday",15,11.713040327717,8.233,404591.839000001,TRUE,1999.12372162381,1400.3,69041736.8500001,34542
"member","Thursday",16,12.4365714871354,9.117,637075.811000001,TRUE,2182.54892151503,1581.19,111790155.759999,51226
"member","Thursday",17,13.1027774239966,9.55,855952.03799999,TRUE,2220.72177600857,1630.55,145046442.799999,65326
"member","Thursday",18,13.071200249002,9.467,661428.875000005,TRUE,2149.47416469007,1598.435,108746196.939999,50602
"member","Thursday",19,13.1530198008567,9.267,463657.100999999,TRUE,2066.32795795029,1547.765,72825662.55,35251
"member","Thursday",20,12.8705800556548,9.117,309884.955999999,TRUE,2044.61956295958,1544.45,49216037.4999999,24077
"member","Thursday",21,12.8733448903265,8.9,254712.001999999,TRUE,2097.10997168428,1587.63,41474543.9099996,19786
"member","Thursday",22,12.7800664451827,8.867,196186.799999999,TRUE,2192.29198579249,1663.62,33638528.2299999,15351
"member","Thursday",23,12.9145821392869,8.617,116269.983,TRUE,2134.48011670557,1609.43,19203917.61,9003
"member","Tuesday",0,12.2624148537134,7.517,32691.598,TRUE,1978.49566016504,1334.005,5274669.43,2666
"member","Tuesday",1,13.2727483196415,7.717,17772.21,TRUE,1884.66115844544,1272.99,2521676.63,1339
"member","Tuesday",2,13.6404105865522,7.6,9534.64699999999,TRUE,1890.17100286533,1297.75,1319339.36,699
"member","Tuesday",3,13.5870848375451,6.925,7527.24499999999,TRUE,1849.48511754069,1337.28,1022765.27,554
"member","Tuesday",4,11.4219649499285,7.225,15967.907,TRUE,2379.49831902718,1575.625,3326538.65,1398
"member","Tuesday",5,9.50664675037946,6.65,68894.6690000002,TRUE,2038.9713000276,1475.55,14774386.0400001,7247
"member","Tuesday",6,10.2326208044383,7.617,221331.588,TRUE,2149.30965555504,1556.02,46487418.5399999,21630
"member","Tuesday",7,11.2665152713848,8.483,469948.885000002,TRUE,2233.20538950296,1629.29,93140297.1799997,41712
"member","Tuesday",8,11.2165318801898,8.367,529510.037000002,TRUE,2104.50354477849,1505.75,99330462.8099994,47208
"member","Tuesday",9,10.8894497595958,7.65,267248.876,TRUE,1953.95126584342,1374.96,47944102.21,24542
"member","Tuesday",10,11.4668960826094,7.583,209878.598999999,TRUE,1897.85871031204,1320.37,34728916.5399998,18303
"member","Tuesday",11,11.9249873789121,7.667,256053.329,TRUE,1813.64694042018,1287.14,38933558.87,21472
"member","Tuesday",12,11.0357613283794,7.083,288110.621000001,TRUE,1692.35956396797,1185.06,44168892.2599996,26107
"member","Tuesday",13,10.8194474500756,7.383,271979.27,TRUE,1792.99189799897,1243.34,45070437.34,25138
"member","Tuesday",14,11.5151403673087,7.75,282777.302,TRUE,1909.07413106341,1325.94,46873497.1399998,24557
"member","Tuesday",15,11.5427379034612,8.15,395523.456999999,TRUE,1989.77094600117,1411.755,68169552.61,34266
"member","Tuesday",16,12.3499270841038,9.017,667834.657000009,TRUE,2204.86338795591,1588.525,119212553.659999,54076
"member","Tuesday",17,13.3742385153941,9.4,932211.17300001,TRUE,2205.62649048535,1617.285,153692465.11,69702
"member","Tuesday",18,12.7995132600132,9.033,656384.638999998,TRUE,2094.26323568419,1543.94,107377064.619998,51282
"member","Tuesday",19,12.4978187694989,8.75,444659.893999995,TRUE,2001.14798453753,1480.95,71180833.8099995,35579
"member","Tuesday",20,12.7019093579348,8.733,307030.553000001,TRUE,2016.15885665811,1495.6,48722494.9299998,24172
"member","Tuesday",21,12.1162462363262,8.533,223738.603000002,TRUE,2057.79675912883,1548.87,37982812.5799998,18466
"member","Tuesday",22,11.8755858476413,8.4,142483.279,TRUE,2107.57619456486,1560.705,25282484.03,11998
"member","Tuesday",23,12.3192733607856,8.1,77783.892,TRUE,2102.35226905403,1532.97,13267945.17,6314
"member","Wednesday",0,13.0822209650582,7.433,39312.0740000001,TRUE,1932.06787808128,1381.9,5800067.77,3005
"member","Wednesday",1,12.2642949080622,8.067,17341.713,TRUE,1911.63167609618,1364.97,2703047.19,1414
"member","Wednesday",2,12.1068067226891,7.825,8644.26000000001,TRUE,1950.60651260504,1413.5,1392733.05,714
"member","Wednesday",3,13.8845879120879,7.942,7580.985,TRUE,2168.67705128205,1443.895,1184097.67,546
"member","Wednesday",4,12.8471072607261,7.9085,15570.694,TRUE,2633.29778877888,1713.065,3191556.92,1212
"member","Wednesday",5,10.0496116225547,7.017,69864.8999999998,TRUE,2166.71880448856,1515.42,15060862.4100001,6952
"member","Wednesday",6,10.5146246979336,7.733,213205.044999999,TRUE,2153.94742083457,1590.98,43669130.01,20277
"member","Wednesday",7,11.1476872516515,8.617,440456.271,TRUE,2279.34094279929,1656.35,90056760.6499995,39511
"member","Wednesday",8,10.9937677977672,8.35,499259.977,TRUE,2109.04898251332,1523.09,95763478.0999992,45413
"member","Wednesday",9,10.9601925773359,7.683,276711.981999999,TRUE,1959.37622424723,1375.575,49454655.9000001,25247
"member","Wednesday",10,11.5125529835115,7.633,214352.224,TRUE,2436.26034542036,1322.94,45350986.33,18619
"member","Wednesday",11,10.8360484417965,7.467,236442.577000001,TRUE,2245.42079242861,1260.86,48992836.2699996,21820
"member","Wednesday",12,11.1066521289631,7.25,290061.327,TRUE,2112.05326541555,1206.355,55145710.7599998,26116
"member","Wednesday",13,10.9945650427317,7.4,279163.001,TRUE,2563.79584567513,1246.82,65089648.9300003,25391
"member","Wednesday",14,11.4157017661967,7.833,288269.301,TRUE,1912.32202336634,1342.305,48286131.09,25252
"member","Wednesday",15,11.8969946949602,8.283,399179.862999998,TRUE,2313.47191820431,1445.25,77610042.439999,33553
"member","Wednesday",16,12.3634112128447,9.067,657597.478999996,TRUE,2188.90337595667,1582.8,116403692.629999,53189
"member","Wednesday",17,13.2997188107407,9.533,923731.96999999,TRUE,2212.03384856908,1631.64,153583722.140002,69455
"member","Wednesday",18,12.7575475229147,9.167,666696.675999999,TRUE,2096.39048960686,1582.285,109528017.519999,52259
"member","Wednesday",19,12.2922202994361,8.933,442532.222999999,TRUE,2033.49644442592,1517.52,73199771.5099993,36001
"member","Wednesday",20,12.504161709075,8.967,314017.013,TRUE,2047.27516167569,1550.09,51411173.8599997,25113
"member","Wednesday",21,12.5225834073919,9.017,239544.498,TRUE,2135.56857396852,1619.76,40838477.8399998,19129
"member","Wednesday",22,11.8621266814486,8.7,160494.574,TRUE,2195.29828529194,1639.01,29702385.8,13530
"member","Wednesday",23,11.6890863555495,8.233,85412.154,TRUE,2100.20810703531,1557.975,15344120.43,7307
