"member_casual","started_at_day","started_at_month","mean_ride_duration_mins","median_ride_duration_mins","total_ride_durations_mins","na.rm","mean_ride_distance_m","median_ride_distance_m","total_ride_distance_m","total_rides"
"casual",1,"Jan",60.233619825708,12.0085,165883.389,TRUE,2061.29968978102,1622.04,5647961.15000001,2754
"casual",1,"Feb",16.0240582822086,7.7085,20895.372,TRUE,1591.99185242121,1273.09,2071181.4,1304
"casual",1,"Mar",25.790854028436,10.0915,108837.404,TRUE,2025.94525154248,1547.75,8537333.29,4220
"casual",1,"Apr",26.0623634693128,12.6,70915.691,TRUE,2009.18136748986,1576.22,5450909.05,2721
"casual",1,"May",26.1505142356549,14.583,119403.248,TRUE,2289.66675883256,1709.07,10434011.42,4566
"casual",1,"Jun",25.2770083312609,13.383,203277.701000001,TRUE,2231.77700610744,1758.9,17905546.92,8042
"casual",1,"Jul",27.5524765921152,13.733,290733.733,TRUE,2171.30291880586,1682.08,22837764.1,10552
"casual",1,"Aug",27.1302338339591,13.067,260124.682,TRUE,2083.69098338384,1558.09,19938839.02,9588
"casual",1,"Sep",22.0255691622297,11.45,202701.313,TRUE,2175.8889476548,1656.03,19994243.54,9203
"casual",1,"Oct",37.7815455740577,13.483,431087.434999999,TRUE,2298.86247692713,1761.45,26154158.4000001,11410
"casual",1,"Nov",17.2113552131279,9.667,86005.142,TRUE,1985.09418469551,1549.23,9909590.16999999,4997
"casual",1,"Dec",13.8535860349127,7.2,22221.152,TRUE,1606.603659601,1274.405,2576992.27,1604
"casual",2,"Jan",35.4878137566137,10.317,67071.968,TRUE,1805.80762486716,1399.84,3398529.95,1890
"casual",2,"Feb",13.8193284823285,7.65,13294.194,TRUE,1663.94061394381,1281.62,1599046.93,962
"casual",2,"Mar",27.5064672454617,9.683,104552.082,TRUE,1976.42595727848,1458.64,7494607.23,3801
"casual",2,"Apr",22.4120249130939,11.2415,38683.155,TRUE,2007.43656395349,1531.69,3452790.89,1726
"casual",2,"May",23.3668406210393,12.2085,73745.7489999999,TRUE,2205.1335637286,1643.42,6954991.26,3156
"casual",2,"Jun",25.7178370284753,14.017,244756.655,TRUE,2324.81154121486,1823.81,22083384.83,9517
"casual",2,"Jul",37.7619273482097,18.433,654905.106,TRUE,2391.57047586008,1827.98,41362211.38,17343
"casual",2,"Aug",35.0025646870626,13,350095.651999999,TRUE,2150.62684310777,1643.01,21452502.7600001,10002
"casual",2,"Sep",27.4892990814662,12.967,320222.845,TRUE,2171.23061059512,1665.5,25247069.5400001,11649
"casual",2,"Oct",31.6643744274808,12.317,248881.983,TRUE,2201.04059655832,1700.32,17267163.48,7860
"casual",2,"Nov",17.434826367713,9.917,97199.1569999998,TRUE,2070.04334290844,1575.17,11530141.42,5575
"casual",2,"Dec",43.6436434607646,8.217,108454.454,TRUE,1765.57342626263,1430.06,4369794.23,2485
"casual",3,"Jan",20.0634184594032,9.083,28911.386,TRUE,1747.18915100905,1333.29,2510710.81,1441
"casual",3,"Feb",21.4648887323944,7.5085,15240.071,TRUE,1467.90271186441,1191.375,1039275.12,710
"casual",3,"Mar",22.4721941318328,8.567,55910.8189999999,TRUE,1846.06029435484,1412.15,4578229.53000001,2488
"casual",3,"Apr",39.8328264084507,14.525,113125.227,TRUE,2133.42026492406,1639.25,6039712.77,2840
"casual",3,"May",15.6250199275362,9.633,17250.022,TRUE,2012.86675749319,1537.34,2216166.3,1104
"casual",3,"Jun",35.5490598934551,15.317,467114.647,TRUE,2346.81592157461,1833.685,30762063.1,13140
"casual",3,"Jul",35.9257949011089,18.017,628485.856,TRUE,2293.22521489971,1707.66,40016780.0000001,17494
"casual",3,"Aug",30.704399444865,11.217,243363.070000001,TRUE,2025.07784665992,1599.175,16006215.3000001,7926
"casual",3,"Sep",33.5484404160654,15.933,557977.661000002,TRUE,2326.85059610632,1797.07,38604778.2400003,16632
"casual",3,"Oct",23.3594240800286,10.3,130766.056,TRUE,2032.88176828178,1561.21,11369907.7300001,5598
"casual",3,"Nov",25.7616104614412,10.217,163019.471,TRUE,2066.63171179731,1601.86,13050779.26,6328
"casual",3,"Dec",19.2097419519673,8.283,37593.4650000001,TRUE,1702.16104049206,1372.46,3320916.19,1957
"casual",4,"Jan",21.2763338718363,8.233,39510.1519999999,TRUE,1699.80150026983,1330.03,3149732.18,1857
"casual",4,"Feb",42.1455751104566,9.3665,57233.6910000001,TRUE,1765.35698741673,1399.87,2384997.29,1358
"casual",4,"Mar",29.6566823033011,11.083,119486.773,TRUE,2027.53314136126,1577.71,8132435.43000001,4029
"casual",4,"Apr",27.9666083188908,11.9915,64546.932,TRUE,2074.76957465278,1614.48,4780269.1,2308
"casual",4,"May",25.9966627461007,11.733,101672.948,TRUE,2252.50519220912,1716.73,8789275.25999998,3911
"casual",4,"Jun",31.2453967620656,15.1,407221.256,TRUE,2372.37288998232,1863.6,30857454.1800001,13033
"casual",4,"Jul",38.7930119905956,17.367,494998.832999999,TRUE,2094.82828838745,1567.81,26644121,12760
"casual",4,"Aug",23.5225652780546,12.267,236025.419999999,TRUE,2218.77165901836,1667.515,22240967.11,10034
"casual",4,"Sep",38.0811578723406,13.483,357962.883999998,TRUE,2152.97294029691,1620.45,20158285.6400001,9400
"casual",4,"Oct",18.0239471483526,10,107765.18,TRUE,2037.45399397389,1581.955,12171750.16,5979
"casual",4,"Nov",22.2192377850162,9.833,115962.202,TRUE,1942.45154480906,1525.5,10122115,5219
"casual",4,"Dec",27.3924622340425,9.767,51497.829,TRUE,1909.15602776295,1477.14,3575849.24,1880
"casual",5,"Jan",27.271755017301,7.65,39407.686,TRUE,1586.24613462873,1232.9,2285780.68,1445
"casual",5,"Feb",20.1623624161074,10.383,33046.112,TRUE,1879.51037263287,1465.59,3076758.48,1639
"casual",5,"Mar",38.8546254659438,18.733,458639.999000001,TRUE,2421.70899303786,1841.03,28522888.5200001,11804
"casual",5,"Apr",25.821070212766,11.2415,60679.515,TRUE,2144.98412190963,1638.26,5032132.75,2350
"casual",5,"May",27.5355184,10.417,51629.0969999999,TRUE,2159.53130085653,1596.33,4034004.46999999,1875
"casual",5,"Jun",36.2232603940218,16.983,533206.392999998,TRUE,2368.76481092866,1876.39,34766361.1299999,14720
"casual",5,"Jul",30.6673053781926,12.683,249754.535,TRUE,2124.19016750831,1596.45,17246299.9700001,8144
"casual",5,"Aug",36.153880744063,13.833,491728.931999999,TRUE,2260.60864296777,1747.97,30651592.59,13601
"casual",5,"Sep",33.7492288336014,16.1,356763.098000002,TRUE,2181.6238419257,1622.145,23020494.78,10571
"casual",5,"Oct",21.1289794310722,10.583,144839.154,TRUE,2117.69094827586,1631.175,14493476.8500001,6855
"casual",5,"Nov",18.862861586758,9.467,66095.4670000001,TRUE,1814.85112635792,1459.585,6348349.24,3504
"casual",5,"Dec",29.8207245080501,7.3,50009.355,TRUE,1711.11798922801,1292,2859278.16000001,1677
"casual",6,"Jan",33.0820537368746,7.567,53559.8449999999,TRUE,1498.56755417957,1217.9,2420186.6,1619
"casual",6,"Feb",27.499214559387,8.417,43063.77,TRUE,1786.22555982086,1356.99,2791870.55,1566
"casual",6,"Mar",35.9067402381612,10.817,129659.239,TRUE,1904.63051153739,1442.01,6850955.95000001,3611
"casual",6,"Apr",25.2977037887486,11.867,66102.9,TRUE,2123.62563434266,1616.87,5540539.28,2613
"casual",6,"May",20.6165486586007,10.05,39192.059,TRUE,2007.44493670886,1587.59,3806115.59999999,1901
"casual",6,"Jun",22.2460540824916,12.133,105713.249,TRUE,2061.97406322445,1615.43,9784066.93,4752
"casual",6,"Jul",28.4255206964142,12.783,246534.541,TRUE,2165.61959233168,1656.53,18752100.05,8673
"casual",6,"Aug",35.4761719381689,15.3,596709.212000003,TRUE,2322.09772526818,1799.51,38964799.83,16820
"casual",6,"Sep",22.8699743977803,11.317,181336.026999999,TRUE,2135.12159363556,1653.97,16908027.9,7929
"casual",6,"Oct",24.6396154719123,9.95,130269.647,TRUE,2038.16855951478,1600.94,10753377.32,5287
"casual",6,"Nov",39.7430429936306,12.967,249586.31,TRUE,2230.05377916267,1666.49,13955676.55,6280
"casual",6,"Dec",11.6838390568939,7.583,22795.17,TRUE,1767.20049205536,1387.51,3447808.15999999,1951
"casual",7,"Jan",22.5204733619106,8.483,36775.933,TRUE,1688.24330669945,1335.16,2746771.86,1633
"casual",7,"Feb",22.8372659391155,7.95,39759.68,TRUE,1712.42863321799,1366.265,2969351.25,1741
"casual",7,"Mar",23.0687989949749,8.983,59678.983,TRUE,1845.52038744673,1446.03,4763288.12,2587
"casual",7,"Apr",19.5019476954946,10.5,37658.261,TRUE,2072.12306694344,1596.34,3992981.15,1931
"casual",7,"May",30.1875281151138,17.333,295807.588,TRUE,2483.80060206481,1930.83,24299021.2900001,9799
"casual",7,"Jun",26.9080565042343,13.367,193818.731000001,TRUE,2214.0342533055,1699.83,15907836.11,7203
"casual",7,"Jul",28.6221290385937,12.55,291459.140000001,TRUE,2194.99636462023,1712.15,22309943.05,10183
"casual",7,"Aug",31.2956397332307,12.867,244012.103,TRUE,2081.61977766354,1622.82,16197083.49,7797
"casual",7,"Sep",22.4430262740657,11.617,198171.922,TRUE,2210.7626151577,1713.51,19485661.69,8830
"casual",7,"Oct",36.6432787990196,10.267,179405.493,TRUE,2079.99140605813,1633.32,10162838.01,4896
"casual",7,"Nov",23.0393029521353,8.517,80384.128,TRUE,1760.44706203331,1378.575,6129876.66999999,3489
"casual",7,"Dec",23.4512272517321,7.7,50771.9070000001,TRUE,1759.42113373438,1373.23,3802109.07000001,2165
"casual",8,"Jan",39.1494594888526,9.717,71995.8559999999,TRUE,1894.96362745098,1478.95,3479153.22000001,1839
"casual",8,"Feb",32.8178309128631,8.167,63272.778,TRUE,1772.38540779221,1375.63,3411841.91,1928
"casual",8,"Mar",24.1640593373494,9.333,80224.677,TRUE,1875.63988217523,1433.775,6208368.00999999,3320
"casual",8,"Apr",38.922158013544,10.15,51727.548,TRUE,1993.31381240545,1556.42,2635160.86,1329
"casual",8,"May",40.847887490856,17.6,279195.310999999,TRUE,2369.55075546428,1805.25,16153227.5000001,6835
"casual",8,"Jun",19.9261661472536,10.967,102300.937,TRUE,2164.65344377314,1701.93,11106836.82,5134
"casual",8,"Jul",23.9386434534918,12.767,243719.328999999,TRUE,2182.6262099154,1652.04,22188578.0500001,10181
"casual",8,"Aug",25.9783018095648,10.6915,120591.277,TRUE,2092.69682358022,1623.47,9691278.98999998,4642
"casual",8,"Sep",24.3578469478358,11.333,219464.201,TRUE,2188.262326331,1698.65,19687796.15,9010
"casual",8,"Oct",32.445157375545,12.717,282856.882000001,TRUE,2194.5316808364,1684.88,19101203.7500001,8718
"casual",8,"Nov",17.6067422096317,8.45,62151.8000000001,TRUE,1809.74156506946,1387.51,6382958.50000002,3530
"casual",8,"Dec",23.7649109900091,7.633,52330.3340000001,TRUE,1740.30301731996,1372.47,3818224.82,2202
"casual",9,"Jan",20.4303023510115,8.217,37367.023,TRUE,1680.77774917853,1322.2,3069100.17,1829
"casual",9,"Feb",25.7914594202899,8.675,35592.214,TRUE,1859.08261818182,1395.14,2556238.6,1380
"casual",9,"Mar",21.2691968944099,9.633,68486.8139999998,TRUE,1885.83777916019,1438.98,6062968.46000001,3220
"casual",9,"Apr",28.1087954987496,14.133,101163.555,TRUE,2183.9750403338,1698.65,7851390.27,3599
"casual",9,"May",40.9860654476672,17.617,325019.499,TRUE,2252.18974595551,1695.495,17819325.2700001,7930
"casual",9,"Jun",36.1415972037284,14.25,379992.753000001,TRUE,2286.13458663107,1810.17,23974693.41,10514
"casual",9,"Jul",40.5397220943909,16.8,792835.345000002,TRUE,2416.03874224796,1875.3,47139331.9000001,19557
"casual",9,"Aug",34.3265767977188,13.15,337018.331000001,TRUE,2240.46756560809,1707.4,21940898.8699999,9818
"casual",9,"Sep",37.0458582527623,12.833,429139.222000002,TRUE,2284.43922963732,1754.85,26392126.42,11584
"casual",9,"Oct",46.5165747508304,14.7,560059.560000001,TRUE,2267.190510493,1769.03,27224423.65,12040
"casual",9,"Nov",17.453683844314,9.367,80269.4920000001,TRUE,6250.92704139434,1516.29,28691755.1200001,4599
"casual",9,"Dec",31.1259793713163,7.75,31686.247,TRUE,1689.44649606299,1321.515,1716477.64,1018
"casual",10,"Jan",22.5233935334873,8.667,48763.147,TRUE,1791.4707962963,1375.755,3869576.92,2165
"casual",10,"Feb",21.4736781376518,8.9585,42431.988,TRUE,1787.50587430309,1368.08,3526749.09,1976
"casual",10,"Mar",24.192507985803,8.8585,54529.913,TRUE,1760.66141459075,1407.5,3957966.86,2254
"casual",10,"Apr",37.1217626072558,18.367,246599.869,TRUE,2387.72237743249,1898.55,15828211.64,6643
"casual",10,"May",35.1980230405265,16.317,342195.18,TRUE,2286.14037973377,1746.1,22154986.4200001,9722
"casual",10,"Jun",32.5925699815838,13.383,318559.778999998,TRUE,2211.49008305989,1731.855,21566451.2900002,9774
"casual",10,"Jul",38.0716962886198,16.683,587788.918999997,TRUE,2341.79614210561,1813.75,36056635.2,15439
"casual",10,"Aug",31.4805492631383,13.4,339643.646,TRUE,2238.58482707326,1717.8,24078218.4,10789
"casual",10,"Sep",35.6039189673948,14.683,555812.778999998,TRUE,2386.46990876381,1826.66,37143017.6600001,15611
"casual",10,"Oct",27.5905736877982,12.983,202376.858,TRUE,2078.90243442623,1569.15,15217565.8200001,7335
"casual",10,"Nov",23.7081802689181,10.767,151637.521000001,TRUE,2031.78584521385,1572,12968889.05,6396
"casual",10,"Dec",32.643826914564,9.333,73742.4049999999,TRUE,1856.43059006211,1469.215,4184394.54999999,2259
"casual",11,"Jan",23.2641811214199,8.483,57671.905,TRUE,1785.69711802749,1370.395,4417814.67,2479
"casual",11,"Feb",26.7685794887781,11.3,85873.6029999999,TRUE,1969.07557049078,1500.88,6299072.74999999,3208
"casual",11,"Mar",30.8964877911872,10.217,110084.186,TRUE,1877.5714028169,1455.38,6665378.48,3563
"casual",11,"Apr",44.5223177966101,14.5415,168116.272,TRUE,2143.29728795533,1628.84,8060941.10000001,3776
"casual",11,"May",33.3186142857143,15.525,291537.875,TRUE,2230.82896275072,1698.68,19463982.7,8750
"casual",11,"Jun",35.2414073289437,16.3,615491.178999998,TRUE,2345.01126333907,1867.715,40873546.3200001,17465
"casual",11,"Jul",31.562435989777,12.95,271689.449000001,TRUE,2118.07833818563,1610.29,18187938.6900001,8608
"casual",11,"Aug",31.9589308641975,12.717,336527.542,TRUE,2231.57596593072,1697.255,23449400.2499999,10530
"casual",11,"Sep",40.6211238279095,10.6,147292.195,TRUE,2032.08880688124,1561.115,7323648.06,3626
"casual",11,"Oct",39.0985291689598,9.483,142084.055,TRUE,1918.37675869685,1441.22,6948360.61999999,3634
"casual",11,"Nov",17.5213267583701,9.3,67509.672,TRUE,1816.92749935014,1387.51,6989720.09000002,3853
"casual",11,"Dec",23.3431809124279,9.45,44515.446,TRUE,1818.54458464774,1506.72,3458871.8,1907
"casual",12,"Jan",24.4378278787878,8.467,60483.6240000001,TRUE,1833.26446825718,1417.38,4533663.03000001,2475
"casual",12,"Feb",27.3021628447025,11.917,94055.951,TRUE,2080.96951396973,1596.94,7150211.25000002,3445
"casual",12,"Mar",32.2363546195653,10.133,71177.871,TRUE,1765.4689191644,1404.02,3887562.56,2208
"casual",12,"Apr",33.8853996376082,14.8,168308.78,TRUE,2295.90687916078,1704.25,11380810.4,4967
"casual",12,"May",33.0319820997587,15.583,328470.03,TRUE,2269.5501814882,1756.07,22509398.6999999,9944
"casual",12,"Jun",33.6749582591813,15.85,416289.834,TRUE,2320.36811871554,1777.845,28614779.64,12362
"casual",12,"Jul",31.4284462546997,13.25,326007.273,TRUE,2235.97396075019,1707.26,23128914.6500001,10373
"casual",12,"Aug",28.9983347804718,13.633,354011.671,TRUE,2196.74784265418,1686.26,26749798.4800001,12208
"casual",12,"Sep",25.7798642341174,10.233,139185.487,TRUE,2002.62105409927,1566.84,10772098.65,5399
"casual",12,"Oct",23.3769307823544,9.1,95915.547,TRUE,1907.43075439453,1520.88,7812836.36999997,4103
"casual",12,"Nov",19.8352450485437,9.417,51075.756,TRUE,1776.89585764294,1483.89,4568399.25,2575
"casual",12,"Dec",12.6578031152648,7.933,20315.774,TRUE,1746.76030529595,1362.31,2803550.29,1605
"casual",13,"Jan",36.1312370304114,8.283,80789.446,TRUE,1718.019,1366.88,3831182.37,2236
"casual",13,"Feb",27.8900073051948,8.95,68720.978,TRUE,1806.36332110839,1363.545,4432815.59,2464
"casual",13,"Mar",45.4069781087791,15.55,201198.32,TRUE,2124.96975775413,1600.94,9385991.42000003,4431
"casual",13,"Apr",27.4535740181269,11.867,54522.798,TRUE,2109.58517676768,1542.03,4176978.65,1986
"casual",13,"May",38.6197894944396,16.35,489660.311000001,TRUE,2281.81948026264,1749.68,28844480.05,12679
"casual",13,"Jun",35.3206074793035,13.683,247456.176,TRUE,2170.91343163923,1622.52,15163830.32,7006
"casual",13,"Jul",22.4972600073448,12.8085,245040.155999999,TRUE,2227.84556801471,1723.775,24238959.78,10892
"casual",13,"Aug",33.5805735440518,15.217,539706.978,TRUE,2339.80950655022,1796.865,37507146.3900001,16072
"casual",13,"Sep",21.3668031538153,10.933,159887.788,TRUE,2100.36013784797,1638.475,15693890.95,7483
"casual",13,"Oct",23.4222704998366,9.817,143391.14,TRUE,1997.3317930244,1564.89,12197705.26,6122
"casual",13,"Nov",43.7951245283018,10.217,116057.08,TRUE,1921.27134571645,1532.96,5068313.81000001,2650
"casual",13,"Dec",23.3400578651685,7.767,41545.303,TRUE,1688.09941474395,1365.58,2999752.66,1780
"casual",14,"Jan",36.6856497552292,9.117,82432.6550000001,TRUE,2313.95039066008,1373.37,5153167.51999999,2247
"casual",14,"Feb",28.5186037902159,8.133,64708.712,TRUE,1737.43468432671,1314.87,3935289.55999999,2269
"casual",14,"Mar",26.6867167555637,13.35,145095.679,TRUE,2178.44739675516,1608.205,11815898.68,5437
"casual",14,"Apr",26.978828531272,12.1415,76781.746,TRUE,2138.73084184572,1579.02,6071856.86,2846
"casual",14,"May",41.4362624219726,18.317,663808.923999997,TRUE,2422.99223718832,1863.11,38675802.09,16020
"casual",14,"Jun",35.0704630983016,13.767,340709.549000002,TRUE,2150.36809346567,1702.69,20798360.2,9715
"casual",14,"Jul",24.4527659270465,13.05,290939.009,TRUE,2266.64950004208,1758.51,26930062.71,11898
"casual",14,"Aug",39.7230149949168,15.25,468890.469,TRUE,2275.96303745859,1744.19,26794912.8399999,11804
"casual",14,"Sep",25.2344189917375,11.417,210732.633,TRUE,2188.27482369873,1664.84,18245835.4800001,8351
"casual",14,"Oct",23.8558172023036,10.433,128415.864,TRUE,1979.31659784226,1508.575,10640806.03,5383
"casual",14,"Nov",15.541078748107,7.85,30786.877,TRUE,1687.9085338726,1344.705,3338683.07999999,1981
"casual",14,"Dec",47.7044314903846,7.592,39690.087,TRUE,1724.82303140097,1388.285,1428153.47,832
"casual",15,"Jan",22.9203215721304,9.983,51318.6,TRUE,1832.82932468694,1470.835,4098206.37,2239
"casual",15,"Feb",17.2719235695987,8.283,40450.845,TRUE,1815.78876068376,1413.27,4248945.7,2342
"casual",15,"Mar",24.3573229788109,11.033,118400.947,TRUE,1978.03550123762,1532.13,9589516.11000001,4861
"casual",15,"Apr",32.8906373177843,14.333,112814.886,TRUE,2137.45278573517,1610.2,7312225.98000001,3430
"casual",15,"May",35.2308962434819,16.467,331064.732,TRUE,2268.70984194789,1698.665,21244198.96,9397
"casual",15,"Jun",36.643993335909,12.917,379411.907000001,TRUE,2091.34031222729,1654.28,21567992.64,10354
"casual",15,"Jul",24.8637149664284,10.85,114795.772,TRUE,2017.33636422835,1585.06,9293868.63000002,4617
"casual",15,"Aug",40.2462633828401,13.4,376664.779,TRUE,2234.76318984902,1709.62,20870453.43,9359
"casual",15,"Sep",24.1289813241003,11.617,229973.321,TRUE,2188.50190371071,1690.91,20819218.6100001,9531
"casual",15,"Oct",37.6496811194895,12.133,259632.201,TRUE,2139.22039104521,1621.22,14715697.0700001,6896
"casual",15,"Nov",27.5239924882629,7.517,29313.052,TRUE,1681.32041353383,1354.43,1788924.92,1065
"casual",15,"Dec",19.0199796918768,8.2085,27160.531,TRUE,1738.02181626928,1376.55,2478419.11,1428
"casual",16,"Jan",24.4511755351682,8.967,39977.6720000001,TRUE,1788.96360122699,1416.72,2916010.67,1635
"casual",16,"Feb",19.4236089552239,9.1085,26027.636,TRUE,1905.98500373972,1401.98,2548301.95,1340
"casual",16,"Mar",30.2580842979071,15.283,258797.395000001,TRUE,2158.85331107206,1619.47,18425813.01,8553
"casual",16,"Apr",35.5692725287812,16.533,179197.995,TRUE,2204.28740386531,1666.03,11063318.48,5038
"casual",16,"May",31.9979207522556,16.617,294348.872999999,TRUE,2303.17665287006,1704.9,21145464.8499999,9199
"casual",16,"Jun",27.6987097041747,12.983,300558.699000001,TRUE,2146.96722920518,1685.98,23230185.42,10851
"casual",16,"Jul",31.2962087415224,15.867,539890.896999999,TRUE,2411.08842160279,1908.155,41518942.62,17251
"casual",16,"Aug",33.5656165966387,12.533,319544.67,TRUE,2250.07446221848,1689.675,21380207.54,9520
"casual",16,"Sep",27.619917660513,13.167,338123.031999999,TRUE,2365.61194383034,1825.2,28891218.67,12242
"casual",16,"Oct",26.9678795275591,11.3085,136996.828,TRUE,2028.01386708736,1566.53,10284058.32,5080
"casual",16,"Nov",14.1501017287234,7.5085,21281.753,TRUE,1687.43777333333,1365.765,2531156.66,1504
"casual",16,"Dec",12.7813759011329,8.35,12410.716,TRUE,1713.7605046344,1375.75,1664061.45,971
"casual",17,"Jan",20.8291049881235,7.75,43845.266,TRUE,1723.29323501427,1354.37,3622362.38,2105
"casual",17,"Feb",30.5310731481482,8.367,32973.559,TRUE,1660.94337975859,1320.01,1788836.02,1080
"casual",17,"Mar",35.3870292171995,12.833,256768.284,TRUE,2100.81820984241,1593.9,15197318.93,7256
"casual",17,"Apr",28.4580827036104,14.9415,67787.1529999998,TRUE,2066.65613540791,1592.93,4914508.28999998,2382
"casual",17,"May",27.2889393784153,12.7,159804.029,TRUE,2256.60566683787,1728.41,13180833.7,5856
"casual",17,"Jun",38.929061456291,15.25,575799.748000001,TRUE,2311.31066218875,1778.15,34066407.8500001,14791
"casual",17,"Jul",39.8621313803818,14.8,449046.910000001,TRUE,2260.27820551601,1713.265,25405527.0299999,11265
"casual",17,"Aug",26.2697740812776,12.283,256629.423,TRUE,2208.90985128205,1714.245,21536871.0499999,9769
"casual",17,"Sep",48.3404220537205,14.85,752273.647999999,TRUE,2428.10345903436,1894.35,37667168.96,15562
"casual",17,"Oct",19.7420889509374,7.8,49493.4169999999,TRUE,1692.289884,1324.815,4230724.70999999,2507
"casual",17,"Nov",14.0415697469099,7.067,23856.627,TRUE,1615.11078962876,1293.67,2740843.01,1699
"casual",17,"Dec",17.5305308510638,8.6,16478.699,TRUE,1624.8942217484,1325.63,1524150.78,940
"casual",18,"Jan",16.140622193437,8.0415,37381.681,TRUE,1766.20416017316,1355.32,4079931.61,2316
"casual",18,"Feb",36.0085515179393,10.775,78282.591,TRUE,1853.13748845799,1422.515,4013895.8,2174
"casual",18,"Mar",26.1974409373506,9.117,54778.849,TRUE,1766.42609239653,1387.51,3670633.42,2091
"casual",18,"Apr",18.8056094100075,10.033,25180.711,TRUE,1919.91328592814,1547.46,2565004.15,1339
"casual",18,"May",20.8324601240585,11.617,94037.7250000002,TRUE,2169.15088085201,1707.57,9776363.01999999,4514
"casual",18,"Jun",34.723662874439,17.2,665374.828000003,TRUE,2417.91059485194,1910.625,46215943.1100003,19162
"casual",18,"Jul",30.4434579401318,13.6,300020.278,TRUE,2170.88534228461,1634.68,21341973.8000001,9855
"casual",18,"Aug",24.5477667595172,12.667,264379.447999999,TRUE,2239.31962239583,1725.62,24077164.5800001,10770
"casual",18,"Sep",31.0200054585153,14.35,369386.224999999,TRUE,2345.07754716981,1819.305,27840760.64,11908
"casual",18,"Oct",15.8184015776264,7.65,44117.5219999999,TRUE,1697.09246137262,1372.46,4723008.31999999,2789
"casual",18,"Nov",16.3279686386315,7.6,22908.14,TRUE,1614.67928520372,1294.81,2258936.32,1403
"casual",18,"Dec",35.8421572052402,8.9165,32831.416,TRUE,1722.988,1387.7,1567919.08,916
"casual",19,"Jan",42.5182335329341,7.6915,71005.45,TRUE,1668.79969332532,1277.26,2775213.88999999,1670
"casual",19,"Feb",35.1160483039349,13.917,129402.638,TRUE,2038.13216076294,1578.64,7479945.02999999,3685
"casual",19,"Mar",23.6883922597573,11.517,72225.9079999999,TRUE,1995.39559171598,1600.435,6069993.39,3049
"casual",19,"Apr",24.0044220072551,11.167,59554.971,TRUE,2159.07222626263,1656.61,5343703.76000001,2481
"casual",19,"May",34.0205458698134,14.825,357487.896,TRUE,2277.44243911756,1767.18,23847099.7800001,10508
"casual",19,"Jun",36.0699702334041,17.517,594974.159000002,TRUE,2342.19410996355,1795.66,38552515.05,16495
"casual",19,"Jul",24.3931435421037,12.183,244199.76,TRUE,2154.12178142514,1656.87,21523984.8400001,10011
"casual",19,"Aug",32.3910129217996,14.183,483792.168999998,TRUE,2316.88820257926,1773.53,34493831.5600002,14936
"casual",19,"Sep",35.8353521206145,11.667,254323.494,TRUE,2131.94266384181,1635.345,15094154.06,7097
"casual",19,"Oct",22.1571368673256,8.367,73982.6800000001,TRUE,1858.02729672967,1463.63,6192804.97999999,3339
"casual",19,"Nov",39.1507020517395,7.55,43887.937,TRUE,1540.9021852518,1256.035,1713483.23,1121
"casual",19,"Dec",13.0300668896321,7.4,11687.97,TRUE,1573.38059151786,1259.485,1409749.01,897
"casual",20,"Jan",16.0967947427293,7.783,28781.069,TRUE,1600.54674327354,1290.285,2855375.39,1788
"casual",20,"Feb",30.4537576716229,10.683,96264.3280000001,TRUE,1906.47224476855,1404.88,6013013.45999999,3161
"casual",20,"Mar",36.3590539528293,17.533,359191.094000001,TRUE,2237.45511875761,1672.78,22043407.8300001,9879
"casual",20,"Apr",20.0785885684861,10.55,38992.619,TRUE,2103.53215686275,1655.69,4076645.32000001,1942
"casual",20,"May",27.4182238685033,13.617,236866.035999999,TRUE,2146.38766446223,1655.83,18499715.28,8639
"casual",20,"Jun",35.3174786986832,15.25,455948.65,TRUE,2192.56424630925,1678.745,28218301.85,12910
"casual",20,"Jul",26.2112507719659,12.6,280119.637000001,TRUE,2164.78033667823,1696.97,23083052.73,10687
"casual",20,"Aug",31.2394655624795,13.3915,380996.522,TRUE,2159.1807684721,1708.55,26270752.4100001,12196
"casual",20,"Sep",26.1505064727505,10.867,163623.719,TRUE,2037.85360403652,1591.92,12722320.05,6257
"casual",20,"Oct",16.5387340425532,8.817,73068.1269999999,TRUE,1909.2913080934,1510.51,8421883.95999999,4418
"casual",20,"Nov",22.7654834307992,7.933,23357.386,TRUE,1720.89692458374,1326.66,1757035.76,1026
"casual",20,"Dec",11.5121845140033,7.275,13975.792,TRUE,1650.63891089109,1300.19,2000574.36,1214
"casual",21,"Jan",20.9720960187354,8.467,44775.425,TRUE,1707.3969793621,1343.74,3640170.36000001,2135
"casual",21,"Feb",23.8129535714286,9.667,66676.27,TRUE,1890.69573576799,1407.25,5280713.19,2800
"casual",21,"Mar",36.9933926605506,16.8,362905.182000001,TRUE,2169.11955783009,1600.99,21192298.0800001,9810
"casual",21,"Apr",32.5377184975195,15.75,229553.604,TRUE,2359.21807637706,1790.26,16618332.13,7055
"casual",21,"May",25.7483044322797,13.183,145812.648,TRUE,2184.10454947778,1721.48,12338006.6,5663
"casual",21,"Jun",33.7276833732839,12.233,309552.678,TRUE,2021.50414287277,1569.76,18478569.37,9178
"casual",21,"Jul",24.2068600585846,12,256181.2,TRUE,2113.5294451283,1651.9,22320984.47,10583
"casual",21,"Aug",35.25662275405,15.333,478784.937000004,TRUE,2307.50593357934,1789.9,31266705.4,13580
"casual",21,"Sep",28.2262709536644,10.85,219910.877,TRUE,2069.9087610961,1605.64,16089400.8,7791
"casual",21,"Oct",24.3295313246616,11.567,183298.689,TRUE,2156.65624385055,1635.95,16220211.61,7534
"casual",21,"Nov",16.953091356674,8.2,30990.251,TRUE,1771.40144109589,1384.61,3232807.63,1828
"casual",21,"Dec",13.3223365155131,8.033,16746.177,TRUE,1596.92705179283,1282.46,2004143.44999999,1257
"casual",22,"Jan",24.8571075697211,9.275,37434.804,TRUE,1791.31608811749,1361.32,2683391.5,1506
"casual",22,"Feb",16.498310107949,7.483,16811.778,TRUE,1697.57310717797,1343.98,1726431.85,1019
"casual",22,"Mar",29.9289827635737,9.483,104182.789,TRUE,1885.91705967138,1492.31,6542246.28,3481
"casual",22,"Apr",20.9286340598074,10.6,41292.195,TRUE,1983.93120365668,1550.03,3906360.54000001,1973
"casual",22,"May",34.4223145332227,17.1,373516.535,TRUE,2357.24784585528,1819.61,25507778.94,10851
"casual",22,"Jun",31.4369395432579,13.417,331754.023000001,TRUE,2183.29653216597,1728.38,22942079.96,10553
"casual",22,"Jul",28.7130129808074,13.133,360549.304000002,TRUE,2200.18328572568,1694.28,27574897.12,12557
"casual",22,"Aug",28.4583323216995,12.567,262556.574000001,TRUE,2182.29099196002,1672.2,20085806.29,9226
"casual",22,"Sep",20.9630076305221,10.3,156593.667,TRUE,2055.35911784422,1618.43,15330923.6599999,7470
"casual",22,"Oct",28.2522202352183,14.583,350723.062000001,TRUE,2374.74436803874,1782.21,29423082.72,12414
"casual",22,"Nov",19.0848172727273,8.967,41986.598,TRUE,1878.95540318907,1410.74,4124307.11,2200
"casual",22,"Dec",13.9456905737705,7.933,6805.497,TRUE,1661.4193442623,1295.93,810772.64,488
"casual",23,"Jan",19.628213028169,7.4415,22297.65,TRUE,1562.17354240283,1258.225,1768380.45,1136
"casual",23,"Feb",19.058395746888,8.033,36744.587,TRUE,1729.09077402597,1322.94,3328499.74000001,1928
"casual",23,"Mar",23.621648063434,9.517,77455.384,TRUE,2000.03058374083,1567.225,6544100.06999999,3279
"casual",23,"Apr",42.1562255874397,21.75,794771.321000005,TRUE,2582.87220323645,1977.81,48521837.2100005,18853
"casual",23,"May",26.0352270554493,14.083,163397.085,TRUE,2171.89358168475,1666.33,13613428.97,6276
"casual",23,"Jun",30.9888512225818,13.517,344719.980999998,TRUE,2246.44672197673,1726.5,24910847.7000002,11124
"casual",23,"Jul",29.6655226400146,15.483,486781.561000001,TRUE,2291.25776189604,1781.56,37510180.8200002,16409
"casual",23,"Aug",22.4682067039106,12.183,217177.686,TRUE,2240.96251580147,1733.29,21627529.24,9666
"casual",23,"Sep",25.0674486692016,10.9,191189.431000001,TRUE,2060.11442459275,1614.93,15681591,7627
"casual",23,"Oct",31.2272849156333,14.417,307214.029,TRUE,2255.47921532661,1709.7,22133017.5400002,9838
"casual",23,"Nov",19.7313630657417,9.933,59726.8360000001,TRUE,1939.33326496857,1485.12,5862604.45999999,3027
"casual",23,"Dec",88.50085,10.967,3540.034,TRUE,1091.37052631579,1016.18,41472.08,40
"casual",24,"Jan",28.2436202450033,7.6,43805.855,TRUE,1644.9680634715,1311.505,2539830.69,1551
"casual",24,"Feb",20.8726957796014,8.15,35608.8189999999,TRUE,1631.34844025898,1311.64,2771661,1706
"casual",24,"Mar",20.5758189928058,9.717,71500.9710000002,TRUE,2060.94096392496,1570.1,7141160.43999998,3475
"casual",24,"Apr",32.7677511563367,16.05,177109.695,TRUE,2070.24196468401,1605.005,11137901.77,5405
"casual",24,"May",22.1004354767184,13.167,149509.446,TRUE,2197.80165655968,1720.01,14859337,6765
"casual",24,"Jun",28.2237149381675,14.617,401679.910999999,TRUE,2262.1357786539,1746.79,32131376.6000001,14232
"casual",24,"Jul",32.3247388396213,15.8,430112.975,TRUE,2201.96335945742,1692.61,29220053.78,13306
"casual",24,"Aug",24.1475486328124,12.383,247270.898,TRUE,2275.23794307512,1764.765,23262032.7300001,10240
"casual",24,"Sep",28.952420619469,13.75,327162.353,TRUE,2301.61007801418,1720.405,25962161.68,11300
"casual",24,"Oct",21.5564081848651,10.433,122203.278,TRUE,2006.43873520579,1535.95,11358449.68,5669
"casual",24,"Nov",39.8344000979432,12.725,81341.8450000002,TRUE,1848.53520689655,1372.43,3752526.47,2042
"casual",24,"Dec",31.6738,9.483,2375.535,TRUE,1438.26797297297,1150.825,106431.83,75
"casual",25,"Jan",18.5034345738295,8.05,15413.361,TRUE,1633.62962650602,1293.635,1355912.59,833
"casual",25,"Feb",36.3321979328165,10.15,70302.8030000002,TRUE,1767.4201973001,1391.86,3404051.3,1935
"casual",25,"Mar",21.9973928855854,10.783,82864.1790000002,TRUE,1947.70686352753,1537.79,7321430.10000002,3767
"casual",25,"Apr",23.9936872840359,12.325,69437.731,TRUE,2171.52324211985,1636.65,6269187.60000001,2894
"casual",25,"May",22.0345614914959,11.533,101050.499,TRUE,2085.63973793405,1654.07,9550144.36000001,4586
"casual",25,"Jun",30.5680875308208,14.3,347131.202,TRUE,2244.02829360876,1736.835,25420352.51,11356
"casual",25,"Jul",26.2388552003322,13.8415,252785.131,TRUE,2185.49064814815,1688.625,21006936.11,9634
"casual",25,"Aug",24.0354325313808,11.3,183822.987999999,TRUE,2178.12294626474,1698.73,16619078.08,7648
"casual",25,"Sep",40.5966774232389,13.55,337155.406,TRUE,2321.65978846851,1744.19,19207091.4300001,8305
"casual",25,"Oct",32.0301583710407,7.575,56629.32,TRUE,1721.09662300683,1374.095,3022245.67,1768
"casual",25,"Nov",22.5199638464406,12.533,60421.0630000001,TRUE,2007.68653358209,1442.13,5380599.91000001,2683
"casual",25,"Dec",12.4694487179487,9.492,972.617,TRUE,1250.19743589744,1139.095,97515.3999999999,78
"casual",26,"Jan",17.4753036876356,7.55,16112.23,TRUE,1531.8395751634,1201.985,1406228.73,922
"casual",26,"Feb",24.4162645875251,11.25,72809.3010000001,TRUE,1886.74122352941,1468.2,5613055.14,2982
"casual",26,"Mar",28.7579536348025,10.7915,100480.29,TRUE,1903.72297126437,1461.75,6624955.94000001,3494
"casual",26,"Apr",24.0124455481972,11.267,65265.827,TRUE,2177.33739867354,1642.745,5909293.70000001,2718
"casual",26,"May",23.9999772062409,13.567,196895.813000001,TRUE,2180.45984617263,1723.82,17860146.6000001,8204
"casual",26,"Jun",42.1539098356117,17.983,761594.688999997,TRUE,2452.20061121298,1927.69,44132254.3999999,18067
"casual",26,"Jul",23.3043409022101,12.717,230922.714,TRUE,2248.66603680113,1715.32,22241555.77,9909
"casual",26,"Aug",28.3051159090909,13.217,323810.525999999,TRUE,2249.1071685216,1716.93,25664561.8999998,11440
"casual",26,"Sep",18.773866643209,10.267,106710.658,TRUE,1995.37316132441,1508.525,11329728.81,5684
"casual",26,"Oct",18.7719446399249,8.783,80024.8,TRUE,1928.08548061105,1506.69,8204003.71999999,4263
"casual",26,"Nov",27.0154287709497,12.325,96715.2349999998,TRUE,2024.69475883343,1496.245,7220061.51,3580
"casual",26,"Dec",17.3077644444444,8.367,3894.247,TRUE,1650.57316964286,1352.005,369728.39,225
"casual",27,"Jan",18.3456113744076,8.183,19354.62,TRUE,1629.57272813688,1271.34,1714310.51,1055
"casual",27,"Feb",20.5461247784474,11.183,57960.6179999999,TRUE,2048.40974804826,1530.57,5772418.66999999,2821
"casual",27,"Mar",26.1468461538462,10.483,92795.1570000001,TRUE,1894.48071771687,1475.28,6704567.26,3549
"casual",27,"Apr",18.9130418006431,10.15,41173.692,TRUE,2060.93119705341,1548.99,4476342.55999999,2177
"casual",27,"May",22.9893223972714,12.1,141545.258,TRUE,2045.57316140579,1600.99,12572092.65,6157
"casual",27,"Jun",32.1702236337971,14.617,319064.278000001,TRUE,2155.82006778632,1655.39,21308125.55,9918
"casual",27,"Jul",22.5696018997362,12.25,213846.978,TRUE,2114.31596574691,1650.64,19999314.7199999,9475
"casual",27,"Aug",32.3439327090053,15.883,521513.571000001,TRUE,2416.38484023374,1873.1,38869966.54,16124
"casual",27,"Sep",17.1836372727273,9.15,94510.0049999998,TRUE,1946.2255177434,1513.28,10694509.22,5500
"casual",27,"Oct",16.6212430939227,8.617,75211.1249999999,TRUE,1847.85792127377,1427.395,8356013.51999998,4525
"casual",27,"Nov",17.1055329553508,8.217,24135.907,TRUE,1753.32323863636,1360.065,2468679.12,1411
"casual",27,"Dec",18.5510372340426,7.517,6975.19,TRUE,1433.18893048128,1129.23,536012.66,376
"casual",28,"Jan",24.9449764359352,9.1,16937.639,TRUE,1660.81781065089,1325.94,1122712.84,679
"casual",28,"Feb",19.4699934013197,9.867,64912.9579999999,TRUE,1947.98600781015,1482.34,6484845.42000002,3334
"casual",28,"Mar",24.5384515862069,9.583,88951.8870000003,TRUE,1916.0741068956,1460.77,6918943.59999998,3625
"casual",28,"Apr",20.6349588001446,10.767,57096.931,TRUE,2116.78995291561,1670.45,5844457.06,2767
"casual",28,"May",33.5736149681884,19.15,601572.033000001,TRUE,2413.42754238711,1846.59,43130363.6100003,17918
"casual",28,"Jun",33.7817399720614,12.95,338560.598,TRUE,2160.26232409168,1676.22,21583180.8799999,10022
"casual",28,"Jul",23.6360159327672,12.783,269994.210000002,TRUE,2240.88131304272,1696.66,25548287.85,11423
"casual",28,"Aug",33.5117308952448,14.95,378447.977000001,TRUE,2237.41048299743,1705.86,25199954.27,11293
"casual",28,"Sep",17.919071441048,9.9,102586.684,TRUE,2044.13743571803,1611.6,11686333.72,5725
"casual",28,"Oct",24.8460183680678,9.717,140678.156,TRUE,1898.02434282682,1517.76,10729531.6100001,5662
"casual",28,"Nov",15.9254388417374,7.633,31898.6540000001,TRUE,1718.055205,1334.3,3436110.41,2003
"casual",28,"Dec",30.7817604422605,8.95,25056.353,TRUE,1775.48479012346,1471.145,1438142.68,814
"casual",29,"Jan",21.4402173382173,9.317,17559.538,TRUE,1698.04267813268,1318.96,1382206.74,819
"casual",29,"Mar",19.865507515473,8.833,67403.667,TRUE,1843.69027474151,1435.88,6240891.57999999,3393
"casual",29,"Apr",26.1880057459877,13.6,132170.865,TRUE,2285.13421502385,1697.295,11498795.37,5047
"casual",29,"May",34.9150114822026,19.267,699382.594999996,TRUE,2330.64742180854,1779.97,46573327.4300001,20031
"casual",29,"Jun",31.1806229478293,13.183,341864.35,TRUE,2115.78154753199,1652.64,23146650.13,10964
"casual",29,"Jul",28.1498934823877,13.817,400375.934999999,TRUE,2241.65683843226,1709.62,31800143.9099999,14223
"casual",29,"Aug",26.2932823117921,11.017,157864.867,TRUE,2070.87052921536,1571.705,12404514.47,6004
"casual",29,"Sep",17.4748795539034,10.133,117518.565,TRUE,2066.92380080393,1613.9,13883527.17,6725
"casual",29,"Oct",24.1326073191284,12.517,200469.569000001,TRUE,2195.82589490177,1692.11,18218767.4500001,8307
"casual",29,"Nov",12.3790150257019,8.117,31306.529,TRUE,1812.35630288652,1423.71,4583449.09,2529
"casual",29,"Dec",26.8021742957747,10.6915,45670.905,TRUE,2004.98891048292,1518.75,3404471.17,1704
"casual",30,"Jan",19.6624155844156,8.55,16654.066,TRUE,1717.56737588652,1359.87,1453062,847
"casual",30,"Mar",19.2020802940345,9.183,67917.7579999999,TRUE,1932.25828943642,1489.88,6822804.02000001,3537
"casual",30,"Apr",24.3536338666667,14,91326.127,TRUE,2319.15307076101,1806.93,8685228.25000001,3750
"casual",30,"May",36.1138544121044,19.167,625347.502999998,TRUE,2279.2443030935,1725.02,39344315.1600001,17316
"casual",30,"Jun",35.45156053054,13.2,419640.122000001,TRUE,2203.51162824207,1699.49,25997030.19,11837
"casual",30,"Jul",30.5820520758071,15.783,550262.863,TRUE,2362.07489380679,1800.04,42373261.5200003,17993
"casual",30,"Aug",20.5581159403402,11.567,176429.750999999,TRUE,2193.3164796454,1684.24,18803302.1800001,8582
"casual",30,"Sep",22.4939475030451,11.283,184675.308999998,TRUE,2138.25956293493,1642.51,17514484.0800001,8210
"casual",30,"Oct",23.9652259166068,11.575,133342.517,TRUE,2087.12744010088,1636.92,11585644.42,5564
"casual",30,"Nov",12.3632858161083,6.85,17345.69,TRUE,1542.79240199572,1252.03,2164537.74,1403
"casual",30,"Dec",23.491750131787,10.517,44563.85,TRUE,1863.94937632135,1444.965,3526592.22,1897
"casual",31,"Jan",17.7834399624765,7.8165,18957.147,TRUE,1554.17500470367,1214.93,1652088.03,1066
"casual",31,"Mar",20.2185369256017,10.05,73918.9710000002,TRUE,1898.55133461222,1427.67,6927813.81999998,3656
"casual",31,"May",25.894456433461,13.933,223184.320000001,TRUE,2100.25148837209,1613.175,18062162.8,8619
"casual",31,"Jul",28.7703967497716,15.567,440820.019,TRUE,2295.91266684114,1744.18,35090729.1999998,15322
"casual",31,"Aug",20.3884125952488,11.267,181946.194,TRUE,2190.65712746858,1673.29,19523136.3200001,8924
"casual",31,"Oct",20.0664344769404,8.6,71356.241,TRUE,1876.59542277339,1484.815,6658160.55999998,3556
"casual",31,"Dec",25.0438046398046,10.3665,41021.752,TRUE,1776.47124463519,1382.7,2897424.6,1638
"member",1,"Jan",12.7495484486873,8.033,53420.6080000001,TRUE,1900.51285032227,1371.19,7961248.33,4190
"member",1,"Feb",10.1978464522588,7.05,81490.9910000001,TRUE,1733.50817044175,1247.24,13852463.79,7991
"member",1,"Mar",11.3890127834219,7.817,169274.897,TRUE,1997.49309555855,1423.65,29682747.3999998,14863
"member",1,"Apr",11.7842599444958,7.733,76432.71,TRUE,1917.53533538936,1381.8,12435216.65,6486
"member",1,"May",13.2164214523019,8.783,83541,TRUE,2108.41734968354,1496.075,13325197.65,6321
"member",1,"Jun",12.6791602602906,9.517,167567.782000001,TRUE,2193.64644521792,1603.555,28991231.4199999,13216
"member",1,"Jul",13.3762755732295,9.567,158094.200999999,TRUE,2165.07029538722,1585.12,25580305.54,11819
"member",1,"Aug",12.8869471153846,9.325,166190.07,TRUE,2175.32465141528,1570.55,28050811.38,12896
"member",1,"Sep",12.6272255510817,9.217,185026.736,TRUE,2157.06899112628,1582.495,31601060.72,14653
"member",1,"Oct",14.1729667056075,9.85,169848.833,TRUE,2244.37195024211,1654.36,26883087.2200001,11984
"member",1,"Nov",11.4194627851601,8.1,148669.986,TRUE,2077.01481179905,1467.995,27038578.82,13019
"member",1,"Dec",10.1274630604755,6.817,63468.8110000003,TRUE,1734.00304757344,1256.235,10861795.09,6267
"member",2,"Jan",11.9772403442065,7.5,59850.2700000001,TRUE,1774.14779134962,1314.11,8860094.06999999,4997
"member",2,"Feb",10.9254871361502,7.067,58178.2190000001,TRUE,1715.84033802817,1227.06,9136849.80000001,5325
"member",2,"Mar",10.7772744493392,7.517,146786.478,TRUE,1934.3145043325,1372.505,26341494.9200002,13620
"member",2,"Apr",11.3536688466112,7.3585,38193.742,TRUE,1864.59375557538,1337.71,6270628.8,3364
"member",2,"May",11.547427984947,8.233,101259.396,TRUE,2093.53671609444,1465.7,18354036.39,8769
"member",2,"Jun",13.6689301341367,9.9,190558.555000001,TRUE,2248.49280619933,1631.28,31337244.24,13941
"member",2,"Jul",16.1306917773238,11.833,189503.366999999,TRUE,2448.12325642772,1865.3,28755655.77,11748
"member",2,"Aug",13.124490068541,9.333,187653.958999999,TRUE,2207.43177417098,1608.22,31553029.78,14298
"member",2,"Sep",13.3001126367575,9.383,181134.234000001,TRUE,2152.2496944322,1578.46,29300727.3399999,13619
"member",2,"Oct",13.2505445523649,8.975,125509.158,TRUE,2101.38291508238,1525.175,19895893.4400001,9472
"member",2,"Nov",11.404348011878,8.2,157459.833,TRUE,2064.02850271641,1482.29,28493913.48,13807
"member",2,"Dec",10.3785415964025,7.075,73853.7019999999,TRUE,1819.69049620467,1310.24,12945278.19,7116
"member",3,"Jan",10.7306849472991,7.383,65156.7190000001,TRUE,1754.34041666667,1273.94,10652355.0100001,6072
"member",3,"Feb",11.8222258292167,6.967,50256.2819999998,TRUE,1561.7899058602,1169.87,6636045.31,4251
"member",3,"Mar",9.99778966716344,6.933,100627.753,TRUE,1784.42268409023,1283.07,17956645.4700001,10065
"member",3,"Apr",12.272323611409,8.517,57225.8449999999,TRUE,2023.91346343556,1487.67,9437508.48000001,4663
"member",3,"May",10.130443743428,7.25,38536.2080000001,TRUE,1830.97421135647,1327.6,6965025.89999998,3804
"member",3,"Jun",13.8331450463293,10.4,194079.025000001,TRUE,2242.66781238862,1673.19,31462386.7399999,14030
"member",3,"Jul",16.4515990518735,11.3,180457.59,TRUE,2364.59460780737,1754.32,25925415.28,10969
"member",3,"Aug",12.4135861051288,9.033,155629.129,TRUE,2159.11855581265,1595.43,27060232.8600001,12537
"member",3,"Sep",14.9535730529196,10.733,174911.944000001,TRUE,2331.71475115444,1768.915,27267072.2999998,11697
"member",3,"Oct",11.0799348693316,8,136094.84,TRUE,1992.87490880964,1424.03,24476489.6300001,12283
"member",3,"Nov",11.3736173744341,8.4,158286.633,TRUE,2101.28540816327,1507.68,29241487.74,13917
"member",3,"Dec",11.2176721964167,7.083,50715.0960000001,TRUE,1738.36354139,1276.59,7853926.47999999,4521
"member",4,"Jan",11.2884852377733,7.617,100174.018,TRUE,1855.3746743295,1350.98,16464594.86,8874
"member",4,"Feb",13.8015302342473,7.65,76005.0269999999,TRUE,1750.12629609446,1272.76,9634445.26000004,5507
"member",4,"Mar",11.8613907680064,7.883,119230.7,TRUE,1933.566839801,1386.175,19432346.74,10052
"member",4,"Apr",10.92995941062,7.917,78630.1280000001,TRUE,2007.61644981929,1428.685,14442792.74,7194
"member",4,"May",11.6502866824109,8.217,113462.142,TRUE,2033.82835370237,1462.31,19803386.68,9739
"member",4,"Jun",13.8316357478324,10.317,153143.871,TRUE,2263.80024297715,1710.63,25062532.49,11072
"member",4,"Jul",15.7855962837838,10.883,130831.022,TRUE,2280.59782041999,1691.595,18897033.54,8288
"member",4,"Aug",13.6930306560839,9.483,188046.390000001,TRUE,2220.8993466385,1622.52,30490727.13,13733
"member",4,"Sep",14.6405934703139,9.567,116143.828,TRUE,2201.2455855288,1585.12,17462481.23,7933
"member",4,"Oct",11.8568261311642,8.35,163256.639000001,TRUE,2049.31539623738,1467.09,28212925.06,13769
"member",4,"Nov",11.868911175051,8.167,127875.649,TRUE,2010.5047692879,1441.44,21655146.8699999,10774
"member",4,"Dec",10.2958236318408,7.45,41389.2110000001,TRUE,1779.45765920398,1349.335,7153419.78999999,4020
"member",5,"Jan",10.834138794567,6.9,76575.6930000001,TRUE,1724.81751344466,1235.44,12187560.5500001,7068
"member",5,"Feb",11.8343383388951,7.55,63834.4210000001,TRUE,1784.02784826563,1270.51,9617694.13000009,5394
"member",5,"Mar",14.8408104841699,10.117,200158.011000001,TRUE,2253.21018166988,1642.48,30386792.51,13487
"member",5,"Apr",11.0594718636421,8,88243.5259999999,TRUE,2038.56471170719,1469.12,16263669.27,7979
"member",5,"May",10.38741002999,7.667,62345.2350000001,TRUE,1983.23632455848,1399.375,11903384.42,6002
"member",5,"Jun",15.5787819964798,11.4,185870.447999999,TRUE,2352.68926810865,1817.875,28062877.59,11931
"member",5,"Jul",13.0066574419017,9.083,146637.056,TRUE,2108.07230120696,1539.185,23753758.69,11274
"member",5,"Aug",13.8640734400474,9.867,187081.807,TRUE,2246.22310401068,1649.24,30299303.45,13494
"member",5,"Sep",14.5603310043668,9.9,133372.632,TRUE,2235.62405676856,1639.65,20478316.36,9160
"member",5,"Oct",11.9119249751808,8.517,167981.966,TRUE,2100.63532094475,1508.39,29616857.3899998,14102
"member",5,"Nov",10.5021910753229,7.233,62603.5609999999,TRUE,1824.95845947307,1303.13,10874927.46,5961
"member",5,"Dec",10.1186135192483,6.967,66762.612,TRUE,1793.47142055791,1310.99,11829737.49,6598
"member",6,"Jan",10.9688155199769,6.867,76046.7979999999,TRUE,1670.95161448564,1234.5,11581365.6400001,6933
"member",6,"Feb",10.9238237462156,7.183,82988.289,TRUE,1798.20701343166,1293.095,13655584.06,7597
"member",6,"Mar",10.6411210018105,7.533,105794.025,TRUE,1885.0139358278,1357.075,18740808.5499999,9942
"member",6,"Apr",11.6553788694482,8.133,86599.4649999996,TRUE,2020.45885987347,1425.62,15009988.87,7430
"member",6,"May",10.3523260687343,7.533,49401.2999999999,TRUE,1851.29502514669,1335.36,8834379.86,4772
"member",6,"Jun",12.843313832956,8.967,107793.933,TRUE,2120.41765673421,1554.365,17790304.14,8393
"member",6,"Jul",12.8710307894128,9.45,166795.688,TRUE,2174.31148282516,1613.67,28168205.26,12959
"member",6,"Aug",14.6886810680819,10.583,177130.804999999,TRUE,2325.75405723766,1756.52,28036965.1600001,12059
"member",6,"Sep",12.538327974728,8.983,178608.482,TRUE,2139.86438772644,1540.28,30475948.6099998,14245
"member",6,"Oct",11.3362045737676,8.133,127396.267,TRUE,2026.92892567868,1452.07,22772546.48,11238
"member",6,"Nov",12.8290575098357,8.733,110868.715,TRUE,2115.5409026733,1508.14,18280388.9399999,8642
"member",6,"Dec",10.0770804855522,7.433,76374.1929999997,TRUE,1923.96347539253,1398.73,14581719.18,7579
"member",7,"Jan",11.6227315628925,7,64773.4829999999,TRUE,1680.29003410519,1247.3,9360895.78000004,5573
"member",7,"Feb",10.5994787279759,7.15,98659.9479999999,TRUE,1835.47237481195,1294.11,17080905.92,9308
"member",7,"Mar",10.4187849115696,7.233,113106.329,TRUE,1866.25110937068,1343.98,20254423.2900001,10856
"member",7,"Apr",10.347615676359,7.583,65479.7119999998,TRUE,1924.19661188369,1387.05,12176316.16,6328
"member",7,"May",14.2094661043424,10.15,136453.502999999,TRUE,2251.38299073206,1654.07,21620030.86,9603
"member",7,"Jun",13.4971240241449,9.667,167701.766000001,TRUE,2218.7164668008,1627.48,27567552.1,12425
"member",7,"Jul",13.2588205944798,9.567,187347.135,TRUE,2246.46679549798,1649.03,31735836.4199998,14130
"member",7,"Aug",13.7038056964495,9.317,105368.562,TRUE,2146.1082489918,1580.2,16497134.11,7689
"member",7,"Sep",13.2016223051676,9.383,205140.008999999,TRUE,2219.25322325222,1620.12,34473879.5700001,15539
"member",7,"Oct",12.1514093227375,8.05,102448.532,TRUE,1988.7586853346,1425.495,16761258.2,8431
"member",7,"Nov",10.4482067531941,7.233,103040.215,TRUE,1859.59120969377,1338,18339288.5099999,9862
"member",7,"Dec",10.4393836854317,7.35,85488.1130000003,TRUE,1911.42504274548,1390.85,15650748.25,8189
"member",8,"Jan",11.9863520072993,7.433,65685.2089999999,TRUE,1802.23783862724,1321.13,9872658.88000001,5480
"member",8,"Feb",11.4919528228925,7.5,118872.76,TRUE,1858.62456443972,1332.93,19223753.87,10344
"member",8,"Mar",10.2454691796009,7.45,138621.198,TRUE,1898.13527385616,1372.68,25679872.1199999,13530
"member",8,"Apr",10.1354305807623,7.3,44676.9780000002,TRUE,1825.81207577132,1339.91,8048179.63,4408
"member",8,"May",14.0078869276709,9.717,105549.428,TRUE,2242.66958587736,1618.495,16896272.6600001,7535
"member",8,"Jun",12.0724694656489,9.25,123356.493,TRUE,2209.88315325895,1646.15,22580586.0599999,10218
"member",8,"Jul",12.9437722560474,9.267,157318.607999999,TRUE,2117.30963621399,1586.655,25725312.0800001,12154
"member",8,"Aug",11.3945348074353,8.333,93788.4159999998,TRUE,2000.25954313487,1460.08,16462136.0400001,8231
"member",8,"Sep",12.7985250484183,9.25,198249.153,TRUE,2195.45151352748,1603.73,34000957.5899999,15490
"member",8,"Oct",13.0718326972666,8.917,126731.418,TRUE,2085.61189189189,1518.49,20217921.68,9695
"member",8,"Nov",10.8779983479106,7.567,111934.603,TRUE,1924.0472615923,1385.31,19792674.18,10290
"member",8,"Dec",9.99634482310094,7.25,76851.899,TRUE,1869.75419149213,1351.65,14372800.47,7688
"member",9,"Jan",10.7357516192994,7.117,81215.9610000006,TRUE,1773.35879016263,1290.1,13411912.53,7565
"member",9,"Feb",10.4067523498695,7.417,79715.7229999998,TRUE,1851.16963311137,1324.28,14178108.22,7660
"member",9,"Mar",10.6183328455284,7.333,130605.494,TRUE,1887.85059679649,1350.77,23218674.49,12300
"member",9,"Apr",11.8745824742268,8.633,66806.4010000002,TRUE,1986.1161535727,1452.825,11173889.48,5626
"member",9,"May",13.5553402989873,9.783,168655.544,TRUE,2267.6268914791,1633.655,28209278.5299999,12442
"member",9,"Jun",14.7205082084737,10.5,205336.369000001,TRUE,2350.15333620195,1766.915,32770538.12,13949
"member",9,"Jul",15.6010599185164,11.45,222096.689,TRUE,2418.87661187215,1836.62,34432708.5700002,14236
"member",9,"Aug",13.107106612411,9.783,193264.286999999,TRUE,2255.55509834509,1654.28,33255904.3699998,14745
"member",9,"Sep",13.2689619702021,9.45,195040.471999999,TRUE,2177.44035998639,1590.12,31997486.0899999,14699
"member",9,"Oct",14.8076947535771,9.983,158338.68,TRUE,2172.70457616018,1629.845,23221866.51,10693
"member",9,"Nov",11.227957247045,8.167,133938.301999999,TRUE,6992.87743774629,1505.66,83404049.1999997,11929
"member",9,"Dec",9.94583940042826,7.067,32512.9489999999,TRUE,1725.67794432548,1301.05,5641241.2,3269
"member",10,"Jan",11.1330251287982,7.467,105886.202,TRUE,1886.33802628812,1344.91,17939074.63,9511
"member",10,"Feb",10.9553880840867,7.367,100581.418,TRUE,1795.12826759643,1276.405,16475687.2400001,9181
"member",10,"Mar",10.4157693460345,6.967,97314.5329999997,TRUE,1756.57113894241,1273.82,16409887.58,9343
"member",10,"Apr",14.1059850588391,9.95,106683.564999999,TRUE,2171.53720745736,1603.27,16423335.9,7563
"member",10,"May",14.3437729646912,10.067,205962.235999999,TRUE,2282.83476276737,1649.01,32765527.3499999,14359
"member",10,"Jun",12.7878210350584,9.683,153198.095999999,TRUE,2205.44871608648,1649.03,26419070.1699999,11980
"member",10,"Jul",16.0760367097213,11.5,189182.8,TRUE,2400.11027203945,1799.96,28232497.13,11768
"member",10,"Aug",13.2419585374036,9.867,197371.392000001,TRUE,2299.39986379495,1715.08,34270255.5699999,14905
"member",10,"Sep",15.3841142255465,10.65,211854.637,TRUE,2362.79701220398,1759.47,32526263.67,13771
"member",10,"Oct",12.0439487774555,8.1,145310.242,TRUE,1993.22898706897,1432.3,24046314.5000001,12065
"member",10,"Nov",11.928108192807,8.6,159860.506000001,TRUE,2116.28748451608,1508.14,28360368.58,13402
"member",10,"Dec",11.5281654661453,7.817,56015.356,TRUE,1877.62301008853,1410.32,9119614.95999999,4859
"member",11,"Jan",11.0554786913068,7.45,117254.407,TRUE,1884.33524707657,1351.905,19981490.9599999,10606
"member",11,"Feb",11.6783523444545,8.083,103610.342,TRUE,1948.62400518544,1385.18,17286243.55,8872
"member",11,"Mar",11.2719563365282,7.7,95259.3029999997,TRUE,1890.62482423955,1366.88,15973889.14,8451
"member",11,"Apr",12.2597419024889,8.3,107873.469,TRUE,2076.60006252131,1464.83,18267850.7500001,8799
"member",11,"May",13.8399282120598,9.9,184306.323999999,TRUE,2226.79297859557,1636.29,29649748.5099999,13317
"member",11,"Jun",15.9883258694983,11.483,207784.283,TRUE,2426.92057954283,1823.81,31532979.0899998,12996
"member",11,"Jul",12.8988718721982,9.25,158256.259,TRUE,2177.00365207467,1596.45,26705303.8,12269
"member",11,"Aug",13.1828715776206,9.533,188264.589,TRUE,2252.89865447923,1655.46,32164634.0899998,14281
"member",11,"Sep",11.5121151294672,8.167,53796.114,TRUE,1923.05081746202,1404.02,8986416.47000002,4673
"member",11,"Oct",11.3798324613417,7.517,97877.9389999999,TRUE,1947.20174848767,1375.63,16738146.23,8601
"member",11,"Nov",11.1170032964446,7.517,94427.8260000002,TRUE,1893.57284267546,1373.995,16080220.58,8494
"member",11,"Dec",11.2694531722054,7.783,48492.457,TRUE,1878.75669920967,1383.87,8082411.31999999,4303
"member",12,"Jan",10.3594449335167,7.333,112969.747,TRUE,1857.85601724454,1338.855,20254346.2999999,10905
"member",12,"Feb",12.4434133385033,8.117,96274.6889999998,TRUE,1949.57486102133,1388.01,15079961.55,7737
"member",12,"Mar",11.1789953753113,7.117,62848.3120000002,TRUE,1710.71267745953,1256.67,9615915.96000002,5622
"member",12,"Apr",11.8819435152442,8.633,124320.775,TRUE,2110.25236666029,1506.88,22077460.2600001,10463
"member",12,"May",13.9343592844365,9.95,194732.671,TRUE,2239.26872306921,1643.85,31284823.33,13975
"member",12,"Jun",14.6225418322922,10.717,154501.777,TRUE,2306.79045054425,1741.25,24371241.1099999,10566
"member",12,"Jul",13.0502734107997,9.75,190925.5,TRUE,2273.63511688312,1656.88,33263281.76,14630
"member",12,"Aug",13.78818146334,9.65,180156.379,TRUE,2237.51797657327,1662.395,29226459.8099999,13066
"member",12,"Sep",12.1427688419532,8.217,134529.736,TRUE,2023.48729505236,1469.17,22412145.28,11079
"member",12,"Oct",10.6724361450532,7.85,108303.882,TRUE,1932.23405637134,1384.85,19606378.97,10148
"member",12,"Nov",11.764789271294,7.55,61188.669,TRUE,1843.68985579696,1354.52,9589030.94000004,5201
"member",12,"Dec",10.2887042889391,7.425,63810.5439999999,TRUE,1882.30857304095,1365,11674077.77,6202
"member",13,"Jan",10.4697462594794,7.183,102163.784,TRUE,1815.07821117376,1311.43,17706087.95,9758
"member",13,"Feb",11.2104293351153,7.283,100658.445,TRUE,1817.14975044563,1286.035,16310736.16,8979
"member",13,"Mar",11.3140737695933,7.667,103218.295,TRUE,1898.46222076071,1362.29,17319670.84,9123
"member",13,"Apr",10.9224913125753,7.817,63492.442,TRUE,1950.28104955265,1395.3,11335033.4599999,5813
"member",13,"May",14.3872670103841,10.3,198127.054000001,TRUE,2208.91595002905,1625.36,30412354.8,13771
"member",13,"Jun",12.5510854038734,9.25,132853.239000001,TRUE,2204.21920634921,1595.24,23329456.08,10585
"member",13,"Jul",12.9637704787234,9.783,194975.108,TRUE,2305.81452194149,1682.855,34679450.4100001,15040
"member",13,"Aug",15.2183770556924,10.983,191553.712,TRUE,2355.50647881726,1774.67,29634627.0100001,12587
"member",13,"Sep",12.617176186073,8.917,177384.88,TRUE,2138.75346353611,1552.95,30060179.93,14059
"member",13,"Oct",11.2745811778583,7.8,133818.003999999,TRUE,1986.98960478638,1428.75,23579605.64,11869
"member",13,"Nov",11.4176642472003,7.633,55055.977,TRUE,1867.79763998341,1336.38,9006520.22000002,4822
"member",13,"Dec",10.507535379498,7.45,69496.8389999996,TRUE,1904.6970851611,1382.33,12591952.43,6614
"member",14,"Jan",11.0511217322419,7.467,83701.1960000002,TRUE,1810.28123217116,1330.45,13707449.49,7574
"member",14,"Feb",10.1602008937245,7.283,104589.108,TRUE,1843.56073052263,1299.18,18977614.1599999,10294
"member",14,"Mar",11.3831641254315,7.867,158271.513999999,TRUE,1981.39010143155,1393.88,27543303.8,13904
"member",14,"Apr",10.935787563384,7.7,81952.7919999999,TRUE,1930.52037234752,1399.51,14465389.15,7494
"member",14,"May",15.7737515114873,11.45,208718.279999999,TRUE,2304.41585865457,1735.59,30487421.8100001,13232
"member",14,"Jun",14.6479314268143,9.717,190540.292,TRUE,2158.3120612449,1595.24,28051581.8599998,13008
"member",14,"Jul",13.3952933705699,9.7,201451.817,TRUE,2287.83554439641,1682.15,34397607.4099998,15039
"member",14,"Aug",15.4832750170184,10.433,159214.516999999,TRUE,2314.18110840794,1757.15,23780525.07,10283
"member",14,"Sep",12.3969835012509,9.033,183338.989,TRUE,2174.48344785608,1595.285,32151912.2599996,14789
"member",14,"Oct",11.156859731678,7.733,111434.715,TRUE,1907.90958245719,1376.56,19054293,9988
"member",14,"Nov",11.2963429706769,7.167,82440.7110000001,TRUE,1810.37311634918,1308.07,13210292.63,7298
"member",14,"Dec",9.80310637626263,7.217,31056.241,TRUE,1831.93408143939,1352.53,5803567.17,3168
"member",15,"Jan",12.4702643472606,7.55,76704.596,TRUE,1833.12772232157,1315.08,11275568.62,6151
"member",15,"Feb",10.4342883029809,7.25,115163.24,TRUE,1849.32673978066,1330,20403621.92,11037
"member",15,"Mar",11.3587320041251,7.733,165212.757,TRUE,1990.99790429043,1429.525,28957073.5199999,14545
"member",15,"Apr",11.4427350253807,7.567,67626.564,TRUE,1857.65162944162,1359.385,10978721.13,5910
"member",15,"May",14.1128937251436,9.833,127749.914,TRUE,2161.21543365374,1588.33,19561160.89,9052
"member",15,"Jun",13.5951332566168,9.483,177212.562,TRUE,2144.30817393307,1585.09,27936046.89,13035
"member",15,"Jul",11.7567295246942,8.45,75936.7159999999,TRUE,2046.25541273037,1504.66,13212671.2,6459
"member",15,"Aug",12.9481829965688,9.517,169815.419999999,TRUE,2225.42331554064,1624.025,29184201.36,13115
"member",15,"Sep",12.8709317985229,9.067,193437.234000001,TRUE,2192.04328519135,1593.56,32935450.3599998,15029
"member",15,"Oct",12.9152256381798,8.617,116366.183,TRUE,2079.95527700677,1509.51,18734157.18,9010
"member",15,"Nov",9.78531892244188,7.167,45041.823,TRUE,1773.72517054095,1295.98,8164456.96,4603
"member",15,"Dec",9.7646027554535,7.317,51029.8139999999,TRUE,1805.8810619977,1337.86,9437534.43,5226
"member",16,"Jan",10.6648997175141,7.267,60405.9919999999,TRUE,1747.91922438163,1300.115,9893222.81000005,5664
"member",16,"Feb",10.9056670316135,7.233,79687.7090000001,TRUE,1807.61747022587,1301.04,13204645.62,7307
"member",16,"Mar",12.3382527997171,8.7085,209330.797000001,TRUE,2115.11787844848,1528.795,35880859.69,16966
"member",16,"Apr",12.344150820221,8.45,73743.9570000003,TRUE,2019.8591764312,1476.875,12066638.72,5974
"member",16,"May",13.6068291759466,9.7,183283.989000001,TRUE,2217.75214582715,1597.72,29868685.9,13470
"member",16,"Jun",13.0789498124531,9.8,174342.400999999,TRUE,2199.0487507503,1635.605,29308921.75,13330
"member",16,"Jul",15.1927840225421,10.967,199496.447,TRUE,2359.80784397379,1824.02,30974837.76,13131
"member",16,"Aug",13.5063163707233,9.383,187116.507000001,TRUE,2239.29064467225,1642.645,31018654.0099998,13854
"member",16,"Sep",13.5822180773756,9.617,196249.469000001,TRUE,2207.8528510108,1607.51,31890226.58,14449
"member",16,"Oct",11.7926679577935,7.917,88291.7050000004,TRUE,1938.89829792919,1395.73,14512653.76,7487
"member",16,"Nov",10.5456091257179,7.467,66099.8779999999,TRUE,1836.91338333865,1352.585,11510099.26,6268
"member",16,"Dec",11.1203561030235,7.3915,39721.912,TRUE,1762.38568468216,1310.87,6293479.28000001,3572
"member",17,"Jan",9.90250182538855,7.1,94935.2849999998,TRUE,1844.52690101179,1312.02,17683479.4,9587
"member",17,"Feb",10.041093433879,6.9,54593.425,TRUE,1616.66178591135,1179.32,8789790.13000003,5437
"member",17,"Mar",11.271477644945,7.95,163109.553,TRUE,2003.96758518211,1415.19,28995406.9900001,14471
"member",17,"Apr",11.1566717791411,7.617,43644.9,TRUE,1866.28651840491,1324.865,7300912.86000001,3912
"member",17,"May",12.3698571793344,8.783,145333.451999999,TRUE,2105.39194636015,1543.27,24727828.4099999,11749
"member",17,"Jun",14.6740569741802,10.467,206302.567000001,TRUE,2283.39357620606,1703.045,32090813.32,14059
"member",17,"Jul",14.31483056316,10.383,146412.087,TRUE,2285.5358200489,1692.01,23369603.76,10228
"member",17,"Aug",13.1158172505634,9.683,192054.912,TRUE,2290.21587391572,1674.53,33531050.6099998,14643
"member",17,"Sep",15.0936866175568,10.7,196700.924,TRUE,2328.89323430063,1725.04,30336163.2699998,13032
"member",17,"Oct",10.620110445526,6.75,85098.9449999999,TRUE,1764.14617459723,1264.75,14125518.42,8013
"member",17,"Nov",9.69444046172539,7.217,63828.1960000001,TRUE,1805.31738872854,1303.91,11884404.37,6584
"member",17,"Dec",9.98865695067265,7,26729.646,TRUE,1654.44208520179,1248.165,4427287.02000001,2676
"member",18,"Jan",10.2818157750593,7.283,112627.01,TRUE,1889.26173543911,1346.42,20694973.0499999,10954
"member",18,"Feb",11.4103429361979,7.717,70105.147,TRUE,1802.29735102572,1295.495,11069710.33,6144
"member",18,"Mar",10.4513652115961,6.917,62729.0939999999,TRUE,1790.92274333333,1291.59,10745536.46,6002
"member",18,"Apr",10.249863593603,7,54478.025,TRUE,1802.02018630034,1299.855,9575935.26999997,5315
"member",18,"May",11.7727413302414,8.683,111687.997,TRUE,2045.80239089184,1516.715,19406481.48,9487
"member",18,"Jun",16.2514238455205,11.517,217135.273999999,TRUE,2392.55403847593,1838.09,31962129.4,13361
"member",18,"Jul",12.9326381205281,9.55,175327.775,TRUE,2220.91251401593,1649.285,30106690.0400001,13557
"member",18,"Aug",12.9255477295094,9.583,183878.841999999,TRUE,2226.02526434196,1646.275,31662983.3600001,14226
"member",18,"Sep",15.3615222350949,10.417,172371.641,TRUE,2267.24430634807,1679.925,25429412.1399999,11221
"member",18,"Oct",10.8603219765104,7.117,102640.903,TRUE,1841.0194272708,1328.18,17390269.5100001,9451
"member",18,"Nov",9.89546323529411,6.833,47102.405,TRUE,1674.14547498949,1241.245,7965584.17000003,4760
"member",18,"Dec",10.5014322960471,6.833,24972.406,TRUE,1675.75225399495,1232.355,3984938.86,2378
"member",19,"Jan",10.2829700809199,7.1,96577.6549999995,TRUE,1750.92270316328,1255.92,16439413.26,9392
"member",19,"Feb",12.8046998460031,8.167,91463.9710000001,TRUE,1947.92858443013,1388.3,13912105.9499999,7143
"member",19,"Mar",11.1449145839459,7.5085,75807.709,TRUE,1875.45870460226,1337.34,12754994.65,6802
"member",19,"Apr",10.647795377949,7.683,88461.884,TRUE,1971.63935596485,1388.05,16378408.13,8308
"member",19,"May",14.3425148335015,10.1,213201.483,TRUE,2265.74998855989,1658.48,33669044.8300001,14865
"member",19,"Jun",16.1598410777385,11.617,182929.401,TRUE,2387.13502739,1819.535,27017594.24,11320
"member",19,"Jul",13.0787676484658,9.4,191381.607,TRUE,2219.37052160241,1629.94,32464951.99,14633
"member",19,"Aug",13.472598173516,9.9,194732.933999999,TRUE,2222.16943056805,1636.19,32117014.7799999,14454
"member",19,"Sep",12.5682939836632,8.875,160019.519,TRUE,2086.53199717159,1495.195,26557379.2599997,12732
"member",19,"Oct",10.9127010869565,7.483,110436.535,TRUE,1905.58500049422,1380.34,19278803.45,10120
"member",19,"Nov",10.2144003527337,7.067,28957.825,TRUE,1628.19205363444,1230.725,4614296.28,2835
"member",19,"Dec",9.36205989518343,6.733,37513.7739999999,TRUE,1683.61713251809,1231.48,6746253.84999999,4007
"member",20,"Jan",11.8413079821857,6.8,103694.334,TRUE,1676.60440712817,1195.525,14676994.98,8757
"member",20,"Feb",11.4862153093722,7.433,100986.805,TRUE,1858.69884514734,1321.97,16336104.15,8792
"member",20,"Mar",13.7764869836862,8.933,198450.294999999,TRUE,2098.92663101604,1541.6,30222444.5599999,14405
"member",20,"Apr",10.7945766557935,7.65,76112.56,TRUE,1972.39745142533,1428.88,13907374.43,7051
"member",20,"May",13.1115510592304,9.417,151635.088,TRUE,2137.69041868512,1534.75,24711701.2400001,11565
"member",20,"Jun",13.9024292258716,10.15,179049.386000001,TRUE,2228.09001087294,1656.61,28688886.98,12879
"member",20,"Jul",12.9082430278884,9.4,191158.170999999,TRUE,2235.75434612267,1651.81,33098107.3399999,14809
"member",20,"Aug",13.6845651088476,10,137037.235,TRUE,2161.72467692,1631.74,21645349.1900001,10014
"member",20,"Sep",12.4498582689456,8.783,159520.034000001,TRUE,2067.20458229232,1498.16,26476756.2899999,12813
"member",20,"Oct",10.8772333453044,7.733,121150.625,TRUE,1952.73088256419,1405.025,21749516.57,11138
"member",20,"Nov",11.8298167885754,6.933,33963.404,TRUE,1712.74039748954,1253.15,4912139.46,2871
"member",20,"Dec",9.83042590311987,7.167,47893.8350000001,TRUE,1758.0315274071,1329.62,8563371.57000001,4872
"member",21,"Jan",10.4364878624852,7.15,79536.474,TRUE,1767.342,1259.37,13467146.0400001,7621
"member",21,"Feb",10.6755343389862,7.2,113939.978,TRUE,1846.04724580639,1315.34,19699170.16,10673
"member",21,"Mar",13.2586258301387,8.833,245563.009000001,TRUE,2129.55599200778,1518.74,39435117.8599997,18521
"member",21,"Apr",13.7605838068182,9.4,164686.667,TRUE,2216.70718308682,1618.17,26527334.8599998,11968
"member",21,"May",13.388328987265,9.217,88309.418,TRUE,2052.12918271418,1556.3,13533791.96,6596
"member",21,"Jun",13.6357280558789,9.267,175696.356,TRUE,2128.35164906832,1564.025,27413169.24,12885
"member",21,"Jul",12.567802747792,9.35,179292.274000001,TRUE,2199.22043743428,1622.52,31371879.5399999,14266
"member",21,"Aug",15.4567388562175,10.8,181353.917000001,TRUE,2242.78663796044,1685.505,26303401.6899998,11733
"member",21,"Sep",12.4096386790561,8.883,185635.785,TRUE,2120.58431761953,1541.56,31713338.4699999,14959
"member",21,"Oct",12.2802763253743,8.433,151722.814000001,TRUE,2066.5938905529,1493.12,25528634.3300001,12355
"member",21,"Nov",10.5418208469055,7.183,64726.7799999998,TRUE,1840.89354234528,1328.13,11303086.35,6140
"member",21,"Dec",10.3437544936431,7.183,47188.208,TRUE,1742.75936636702,1313.35,7948725.47000001,4562
"member",22,"Jan",10.7086255407185,7.35,56937.762,TRUE,1726.05239044574,1253.97,9177420.55999998,5317
"member",22,"Feb",9.44031035727174,6.633,52318.2,TRUE,1695.60080656803,1217.94,9397019.67000002,5542
"member",22,"Mar",10.267017452007,7.45,123543.021,TRUE,1940.69985207346,1402.97,23352441.32,12033
"member",22,"Apr",10.4108680662558,7.5,54053.2270000002,TRUE,1930.67876540832,1372.505,10024084.15,5192
"member",22,"May",15.209677761698,10.767,157648.31,TRUE,2271.66754849918,1703.11,23536747.47,10365
"member",22,"Jun",13.870679823669,9.783,204523.173999999,TRUE,2236.32294796119,1643.96,32961163.9299999,14745
"member",22,"Jul",12.8361792072679,9.583,175201.01,TRUE,2223.26313232708,1651.63,30343095.23,13649
"member",22,"Aug",13.0394629314805,9.367,176410.894000001,TRUE,2182.30954532012,1594.88,29517918.9099999,13529
"member",22,"Sep",12.3717252635405,8.567,170173.081,TRUE,2079.9222102661,1512.365,28607250.0799998,13755
"member",22,"Oct",14.8055031796502,9.817,186253.23,TRUE,2264.7147550501,1671.375,28476523.3300001,12580
"member",22,"Nov",10.6401568225121,7.467,72597.7900000002,TRUE,1912.57027704485,1367.98,13047554.43,6823
"member",22,"Dec",10.7238235602094,7.2415,20482.503,TRUE,1745.0062598219,1268.89,3331216.95,1910
"member",23,"Jan",10.4874493650794,7.05,66070.9310000002,TRUE,1715.44286394666,1226.53,10805574.6000001,6300
"member",23,"Feb",9.78445396984925,6.783,97355.3170000003,TRUE,1687.33429088351,1205.91,16787288.86,9950
"member",23,"Mar",10.9105618211834,7.55,125569.656,TRUE,1927.95400799861,1405.04,22175327.0000001,11509
"member",23,"Apr",16.7867239084928,12.133,224539.219000001,TRUE,2419.62769685187,1881.35,32357681.19,13376
"member",23,"May",12.2405011539144,8.917,137901.486,TRUE,2111.80898979139,1508.51,23789528.2699999,11266
"member",23,"Jun",13.9043500344116,10.0085,202030.206,TRUE,2278.02231362291,1696.99,33092830.15,14530
"member",23,"Jul",14.6327040232202,10.883,181489.428000001,TRUE,2338.53003790017,1754.34,29000111.0000001,12403
"member",23,"Aug",12.8973958754549,9.5,191371.56,TRUE,2238.53551742736,1656.61,33204197.3299997,14838
"member",23,"Sep",11.8552386193097,8.517,142191.732,TRUE,2034.07723922288,1467.94,24394688.3299999,11994
"member",23,"Oct",14.5862294091515,9.6,164168.011999999,TRUE,2189.89438094392,1595.79,24638501.6800001,11255
"member",23,"Nov",10.8744963492773,7.833,72978.745,TRUE,1908.94699448666,1378,12810943.28,6711
"member",23,"Dec",36.5456140350877,8.092,8332.4,TRUE,989.967938596491,790.585,225712.69,228
"member",24,"Jan",10.6828520582647,7.283,84341.117,TRUE,1800.56713109563,1275.78,14215477.5,7895
"member",24,"Feb",9.94041469345962,6.733,77664.4600000001,TRUE,1676.69750128008,1202.76,13098360.88,7813
"member",24,"Mar",10.6599777837259,7.35,119477.031,TRUE,1909.49901740295,1381.33,21395936.49,11208
"member",24,"Apr",12.9515815762185,8.883,74937.8510000003,TRUE,1998.36933102852,1489.63,11560566.58,5786
"member",24,"May",12.4585615881368,8.967,156267.738,TRUE,2122.93426395534,1556.3,26621595.6699999,12543
"member",24,"Jun",13.7955396947634,10.183,197055.489,TRUE,2278.08706784289,1656.61,32537917.5900001,14284
"member",24,"Jul",14.8600774566474,10.317,154247.604,TRUE,2213.17935151282,1647.615,22968375.3100001,10380
"member",24,"Aug",12.8353187744459,9.667,196893.79,TRUE,2249.5340318164,1660.35,34503352.9799999,15340
"member",24,"Sep",13.9868298699105,9.833,165576.092,TRUE,2198.26204326517,1636.29,26014233.0199999,11838
"member",24,"Oct",11.607657140589,8.017,146221.657,TRUE,2001.81445874037,1430.43,25204845.85,12597
"member",24,"Nov",16.783250088433,8,47446.2479999999,TRUE,1953.93665129479,1338.84,5508147.41999998,2827
"member",24,"Dec",12.6086810344828,8.125,4387.821,TRUE,1246.94189655172,937.19,433935.78,348
"member",25,"Jan",11.1111004038179,7.133,60533.2750000001,TRUE,1653.10763679765,1205.92,9002824.19,5448
"member",25,"Feb",11.075090447477,7.567,69795.2200000001,TRUE,1766.83920647516,1293.29,11132853.84,6302
"member",25,"Mar",11.7136472315893,7.65,107683.559,TRUE,1897.82531440383,1385.68,17444810.2899999,9193
"member",25,"Apr",10.9019445520581,7.8585,90050.0619999999,TRUE,2005.13934132462,1426.4,16560445.82,8260
"member",25,"May",12.24754485086,8.7,112505.947,TRUE,2091.47918227352,1495.765,19208144.81,9186
"member",25,"Jun",14.5322431801295,10.35,136908.263,TRUE,2240.45335315354,1693.61,21100589.68,9421
"member",25,"Jul",12.8635242013915,9.6,171946.728,TRUE,2214.94060152626,1624.36,29604896.0800001,13367
"member",25,"Aug",12.3568091231543,9.217,149801.597,TRUE,2172.13997442666,1598.815,26330680.77,12123
"member",25,"Sep",13.4861788030969,9.3,128900.897,TRUE,2215.89503244035,1582.46,21175092.9300001,9558
"member",25,"Oct",10.1930513052937,6.7915,56224.871,TRUE,1788.28869785999,1280.35,9860623.88000001,5516
"member",25,"Nov",12.1664429192404,7.9,53179.5219999999,TRUE,1957.26084458686,1428.88,8551272.63,4371
"member",25,"Dec",13.974547008547,8.4,4905.066,TRUE,1334.07772079772,1025.91,468261.28,351
"member",26,"Jan",10.788435332871,6.875,62227.6949999999,TRUE,1594.82765868887,1148.845,9195776.28000003,5768
"member",26,"Feb",12.2449415056629,8.05,91898.2859999994,TRUE,1919.13395708383,1363.33,14399262.0800001,7505
"member",26,"Mar",11.081614402317,7.367,84175.9429999999,TRUE,1831.35095733474,1347.555,13907279.17,7596
"member",26,"Apr",10.6867294438758,7.85,93968.4120000003,TRUE,1993.15700636943,1409.85,17523836.4000001,8793
"member",26,"May",12.8747372317921,9.55,170410.022,TRUE,2194.96251473477,1620.485,29048133.9200001,13236
"member",26,"Jun",16.3819063218847,12.283,206526.693000001,TRUE,2434.89666904649,1862.85,30694307.4100001,12607
"member",26,"Jul",12.7164506924045,9.467,181819.812,TRUE,2279.8545988669,1649.03,32595081.1999999,14298
"member",26,"Aug",13.2779646562209,9.75,185586.112000001,TRUE,2217.43525581395,1642.75,30988657.7,13977
"member",26,"Sep",11.1680846987648,8.067,132911.376,TRUE,2007.39165784388,1418.86,23889968.1199999,11901
"member",26,"Oct",11.6461520231721,7.85,132684.61,TRUE,1979.725346039,1435.145,22541152.79,11393
"member",26,"Nov",12.1983235479136,8.183,58173.8050000002,TRUE,1961.05295092282,1413.61,9350300.47000005,4769
"member",26,"Dec",19.3522242774566,7.85,16739.674,TRUE,1647.56217844728,1240.8,1421846.16,865
"member",27,"Jan",10.6318610670054,7.267,66959.4610000002,TRUE,1691.38023820867,1210.34,10650621.36,6298
"member",27,"Feb",11.2168481954607,7.533,90441.4470000002,TRUE,1850.12335979164,1337.76,14917544.6500001,8063
"member",27,"Mar",10.4575569173448,7.283,106656.623,TRUE,1825.36234457737,1330.45,18615045.19,10199
"member",27,"Apr",10.3587430681524,7.5,79948.779,TRUE,1931.90798755993,1378.17,14908533.94,7718
"member",27,"May",12.15616968826,8.65,109964.710999999,TRUE,1984.98090346124,1465.7,17950182.31,9046
"member",27,"Jun",14.0345679050409,9.65,182084.484,TRUE,2174.3069733899,1618.7,28189889.91,12974
"member",27,"Jul",12.9893840968397,9.55,179201.542999999,TRUE,2240.69493330434,1654.57,30908145.91,13796
"member",27,"Aug",15.1907434272813,10.967,208584.098000001,TRUE,2362.64285495738,1773.53,32431998.47,13731
"member",27,"Sep",11.1926214628112,8.167,144765.366,TRUE,2039.66684295987,1462.12,26379011.2799999,12934
"member",27,"Oct",10.5604961485792,7.467,123388.837,TRUE,1928.71748994093,1378,22529349.0000001,11684
"member",27,"Nov",10.1189452599388,6.933,33088.951,TRUE,1761.22931192661,1296.19,5759219.85,3270
"member",27,"Dec",11.8456011494253,7.15,20611.346,TRUE,1664.05747701149,1249.205,2895460.01,1740
"member",28,"Jan",13.4864729688916,7.6,44653.7120000001,TRUE,1669.76217824773,1213.03,5526912.81000003,3311
"member",28,"Feb",10.824541045327,7.533,146629.233,TRUE,1923.39518458358,1370.26,26050464.38,13546
"member",28,"Mar",10.5458737519414,7.367,142590.759,TRUE,1906.70008875083,1361.32,25780491.9000001,13521
"member",28,"Apr",10.5320270957893,7.883,82792.2650000005,TRUE,2005.74313064496,1444.67,15767146.75,7861
"member",28,"May",15.4127985935072,11.117,188483.114,TRUE,2319.22546986178,1748.03,28357169.82,12229
"member",28,"Jun",13.0383877822045,9.683,186540.214,TRUE,2224.14288081091,1626.05,31816363.9099999,14307
"member",28,"Jul",13.0020679396707,9.75,187931.89,TRUE,2251.35808469416,1660.52,32536627.04,14454
"member",28,"Aug",13.8058507307874,9.967,146411.047000001,TRUE,2176.40053192493,1631.94,23076374.8400001,10605
"member",28,"Sep",10.5922445720579,8.35,134648.613,TRUE,2054.192754524,1495.05,26108789.9099998,12712
"member",28,"Oct",11.4751770387244,7.883,125940.068,TRUE,1948.31887349617,1439.98,21376954.6799999,10975
"member",28,"Nov",10.2978132946379,7.05,74514.977,TRUE,1824.75592065247,1317.725,13200284.33,7236
"member",28,"Dec",11.0425804195804,7.767,33160.869,TRUE,1855.70923076923,1368.34,5572694.82000001,3003
"member",29,"Jan",11.9100721126761,7.475,42280.756,TRUE,1614.74797293487,1222.02,5727511.06,3550
"member",29,"Mar",10.3093378258294,7.167,139217.298,TRUE,1866.78252351678,1352.2,25203430.8499999,13504
"member",29,"Apr",11.99543750716,8.467,104708.174,TRUE,2062.12879353804,1461.7,17998260.11,8729
"member",29,"May",16.3670252542665,11.3415,189890.227,TRUE,2310.70373631111,1733.31,26797231.2300001,11602
"member",29,"Jun",13.1510429305033,9.583,192070.982,TRUE,2191.14641101144,1605.81,31997311.0399999,14605
"member",29,"Jul",13.6743595120907,9.85,191700.846,TRUE,2262.93562959264,1654.28,31719568.72,14019
"member",29,"Aug",11.7989785297149,8.683,137387.306,TRUE,2087.68911456544,1505.75,24309052.05,11644
"member",29,"Sep",11.5175833584564,8.483,152815.296,TRUE,2063.16850003769,1502.98,27372056.49,13268
"member",29,"Oct",13.079126746988,9.017,135695.940000001,TRUE,2109.2206228307,1580.375,21876836.3000002,10375
"member",29,"Nov",10.306698381274,7.65,88503.6189999999,TRUE,1947.28663794107,1422.09,16721350.36,8587
"member",29,"Dec",11.8054162037037,8.1,50999.3980000001,TRUE,1952.16807407407,1422.55,8433366.08,4320
"member",30,"Jan",12.2318623414431,6.717,58823.026,TRUE,1570.37746305931,1144.5,7545663.71000001,4809
"member",30,"Mar",10.1829746720568,7.5,123427.836,TRUE,1933.33538321921,1400.28,23433958.18,12121
"member",30,"Apr",12.5898116933907,8.567,64384.297,TRUE,2015.55065519265,1463.32,10305510.5,5114
"member",30,"May",16.6079584925321,11.467,191257.249999999,TRUE,2264.6037204656,1700.61,26070118.03,11516
"member",30,"Jun",13.2472296196615,9.4,187037.635,TRUE,2202.15822574931,1622.52,31079059.04,14119
"member",30,"Jul",15.3187668099478,11.4,199572.893999999,TRUE,2417.24240442193,1846.945,31486999.56,13028
"member",30,"Aug",12.6984445542597,9.233,192724.293,TRUE,2205.05851258732,1588.77,33459557.87,15177
"member",30,"Sep",12.8903477067817,8.7,164416.385,TRUE,2066.93880304338,1513.89,26351402.7999999,12755
"member",30,"Oct",11.9383303873148,8.333,91853.5140000001,TRUE,2021.25933827353,1487.67,15547526.83,7694
"member",30,"Nov",9.360723288602,6.75,55106.578,TRUE,1744.33650416171,1273.52,10268909,5887
"member",30,"Dec",10.67552260308,7.6085,42979.6539999999,TRUE,1847.26786885246,1371.865,7437100.43999999,4026
"member",31,"Jan",10.164209411077,6.867,69553.6849999999,TRUE,1665.81933918129,1192.78,11394204.28,6843
"member",31,"Mar",10.8365388326993,7.45,116785.379,TRUE,1854.12860497494,1356.44,19976381.59,10777
"member",31,"May",13.2521138655144,9.55,174808.634,TRUE,2169.57686556979,1569.79,28614549.2799998,13191
"member",31,"Jul",14.6716960578297,10.8,174549.168,TRUE,2293.87643829859,1698.08,27287954.11,11897
"member",31,"Aug",13.1722823452342,9.267,201074.890000001,TRUE,2196.51584589176,1607.51,33523224.8399999,15265
"member",31,"Oct",11.923771201143,7.45,116841.034,TRUE,1919.40681298489,1361.295,18802509.1400001,9799
"member",31,"Dec",12.0056526071073,7.667,36149.02,TRUE,1843.50815614618,1371.04,5548959.55,3011
